top_category,sub_category,sub_tab,price_range,brand,product_name,price,satisfaction_pct,review_count,wish_count,tags,product_url
와인/양주/전통주,와인,,~2만원대,브랜드명 :와인25플러스,"""레드와인"" 라스 페러디세스 말벡",25500,,,4.0,,https://gift.kakao.com/product/12071810
와인/양주/전통주,와인,,~2만원대,브랜드명 :와인25플러스,"""레드와인"" 모스퀴따 무레타 콘레도 콘피엘 데 로보 말벡",24500,,,4.0,,https://gift.kakao.com/product/12071812
와인/양주/전통주,와인,,~2만원대,브랜드명 :와인25플러스,"""화이트와인"" 루티니 데스티노 샤도네이",21000,,,,,https://gift.kakao.com/product/12071818
와인/양주/전통주,와인,,~2만원대,브랜드명 :와인25플러스,"""레드와인"" 루티니 데스티노 말벡",21000,,,3.0,,https://gift.kakao.com/product/12071817
와인/양주/전통주,와인,,~2만원대,브랜드명 :와인25플러스,"""레드와인"" 라 리오하나 보나르다 말벡",19300,,,3.0,,https://gift.kakao.com/product/12071814
와인/양주/전통주,와인,,~2만원대,브랜드명 :와인25플러스,"""화이트와인"" 쿠퍼스 크릭 소비뇽 블랑",27900,,,8.0,,https://gift.kakao.com/product/12050650
와인/양주/전통주,와인,,~2만원대,브랜드명 :와인25플러스,"""레드와인"" 샤또 드 꼴롬비에 보르도",29000,,,1.0,,https://gift.kakao.com/product/12037309
와인/양주/전통주,와인,,~2만원대,브랜드명 :와인25플러스,"""레드와인"" 에스쿠도로호골드컬렉션카베르네소비뇽",24000,,,2.0,,https://gift.kakao.com/product/12037308
와인/양주/전통주,와인,,~2만원대,브랜드명 :와인25플러스,"""로제와인"" 뱅베 라퐁 라 흐레브 호제+피크닉 패키지",54000,,,7.0,,https://gift.kakao.com/product/11653733
와인/양주/전통주,와인,,~2만원대,브랜드명 :와인25플러스,"""로제와인"" 스마일리로제 아이스버켓패키지",34500,,,174.0,,https://gift.kakao.com/product/11455598
와인/양주/전통주,와인,,~2만원대,브랜드명 :와인25플러스,"""로제와인"" 에스탕동 인솔랑스",24900,,,47.0,,https://gift.kakao.com/product/9667463
와인/양주/전통주,와인,,~2만원대,브랜드명 :와인25플러스,"""로제와인"" 무똥까데 로제 비오 마틸드",28800,,,36.0,,https://gift.kakao.com/product/9914158
와인/양주/전통주,와인,,~2만원대,브랜드명 :와인25플러스,"""로제와인"" 무똥까데 로제 비오 패키지",28800,,,92.0,,https://gift.kakao.com/product/10070754
와인/양주/전통주,와인,,~2만원대,브랜드명 :와인25플러스,"""로제와인"" 자카니니 달 트랄체토 로제",40000,,,13.0,,https://gift.kakao.com/product/11121653
와인/양주/전통주,와인,,~2만원대,브랜드명 :와인25플러스,"""로제와인"" 제라르 베르트랑 꼬뜨 로즈 뮈스까 로제",15900,,,328.0,,https://gift.kakao.com/product/9663249
와인/양주/전통주,와인,,~2만원대,브랜드명 :와인25플러스,"""로제와인"" 바바 로제타",15900,,,141.0,,https://gift.kakao.com/product/10054267
와인/양주/전통주,와인,,~2만원대,브랜드명 :와인25플러스,"""레드와인"" 스타 라이트 카버네 소비뇽 6본입",58000,,,1.0,,https://gift.kakao.com/product/12071790
와인/양주/전통주,와인,,~2만원대,브랜드명 :와인25플러스,"""레드와인"" 랄슨 제이콥스 나파밸리 카버네 소비뇽",54000,,,,,https://gift.kakao.com/product/12071792
와인/양주/전통주,와인,,~2만원대,브랜드명 :와인25플러스,"""레드와인"" 수퍼 네세서리 까베르네 쇼비뇽",52900,,,877.0,,https://gift.kakao.com/product/10883577
와인/양주/전통주,와인,,~2만원대,브랜드명 :와인25플러스,"""추천와인"" 캔달잭슨 그랑 리저브 카베르네소비뇽 + 잭슨 에스테이트 카베르네소비뇽 세트",184000,,,52.0,,https://gift.kakao.com/product/10696468
와인/양주/전통주,와인,,~2만원대,브랜드명 :와인25플러스,"""레드와인"" 볼드 와인 컴퍼니 까베르네 쇼비뇽 파소 로블스",89000,,,42.0,,https://gift.kakao.com/product/10955690
와인/양주/전통주,와인,,~2만원대,브랜드명 :와인25플러스,"""화이트와인"" 아쿠아마린 소비뇽 블랑",26900,,,17.0,,https://gift.kakao.com/product/12036614
와인/양주/전통주,와인,,~2만원대,브랜드명 :와인25플러스,"""레드와인"" 거브너레드",19800,,,31.0,,https://gift.kakao.com/product/11916940
와인/양주/전통주,와인,,~2만원대,브랜드명 :와인25플러스,"""화이트와인"" 푸나무 소비뇽블랑",25000,,,963.0,,https://gift.kakao.com/product/11069233
와인/양주/전통주,와인,,~2만원대,브랜드명 :와인25플러스,"""화이트와인"" 그로브 밀 소비뇽블랑",26000,,,1006.0,,https://gift.kakao.com/product/9672805
와인/양주/전통주,와인,,~2만원대,브랜드명 :와인25플러스,"""레드와인"" 베어풋 2입 아몬드 초코볼 패키지",24900,,,80.0,,https://gift.kakao.com/product/11068544
와인/양주/전통주,와인,,~2만원대,브랜드명 :와인25플러스,"""화이트와인"" 배비치 블랙 말보로 소비뇽블랑",20900,,,1762.0,,https://gift.kakao.com/product/9943403
와인/양주/전통주,와인,,~2만원대,브랜드명 :와인25플러스,"""스파클링와인"" 또스띠 핑크 모스까또",23900,,,2637.0,,https://gift.kakao.com/product/9667486
와인/양주/전통주,와인,,~2만원대,브랜드명 :와인25플러스,"""레드와인"" 거브너VIP",22900,,,37.0,,https://gift.kakao.com/product/11916903
와인/양주/전통주,와인,,~2만원대,브랜드명 :와인25플러스,"""레드와인"" 스톤베이 피노 누아",26900,,,143.0,,https://gift.kakao.com/product/11268688
와인/양주/전통주,와인,,~2만원대,브랜드명 :와인25플러스,"""레드와인"" 비고르 레드 1본입 패키지",19900,,,318.0,,https://gift.kakao.com/product/10987200
와인/양주/전통주,와인,,~2만원대,브랜드명 :와인25플러스,"""화이트와인"" 비고르 화이트 1본입 패키지",19900,,,204.0,,https://gift.kakao.com/product/10987201
와인/양주/전통주,와인,,~2만원대,브랜드명 :와인25플러스,"""스파클링와인"" 카)뵈브드베르네 브뤼 전용잔 패키지",29000,,,326.0,,https://gift.kakao.com/product/10788491
와인/양주/전통주,와인,,~2만원대,브랜드명 :와인25플러스,"""화이트와인"" 라파우라 스프링스 소비뇽 블랑",25800,,,277.0,,https://gift.kakao.com/product/10022656
와인/양주/전통주,와인,,~2만원대,브랜드명 :와인25플러스,"""레드와인"" 앙시앙땅 그랑블루",23000,,,312.0,,https://gift.kakao.com/product/9672801
와인/양주/전통주,와인,,~2만원대,브랜드명 :와인25플러스,"""레드와인"" 디아블로 리제르바 프리바다 까베르네소비뇽",26900,,,142.0,,https://gift.kakao.com/product/9670550
와인/양주/전통주,와인,,~2만원대,브랜드명 :와인25플러스,"""레드와인"" 스톤베이 레드블랜드",20900,,,75.0,,https://gift.kakao.com/product/11268687
와인/양주/전통주,와인,,~2만원대,브랜드명 :와인25플러스,"""화이트와인"" 베린저 메인앤바인 샤르도네",15000,,,130.0,,https://gift.kakao.com/product/11069232
와인/양주/전통주,와인,,~2만원대,브랜드명 :와인25플러스,"""레드와인"" 아마란디아 몬테풀치아노 다브루쪼",26900,,,54.0,,https://gift.kakao.com/product/11015951
와인/양주/전통주,와인,,~2만원대,브랜드명 :와인25플러스,"""화이트와인"" 생 클레어)파이오니어 소비뇽블랑",29800,,,362.0,,https://gift.kakao.com/product/10022655
와인/양주/전통주,와인,,~2만원대,브랜드명 :와인25플러스,"""레드와인"" 베린저 메인앤바인 메를로",15000,,,69.0,,https://gift.kakao.com/product/11069231
와인/양주/전통주,와인,,~2만원대,브랜드명 :와인25플러스,"""추천와인"" 산타헬레나 세트(까쇼+샤도)",20000,,,243.0,,https://gift.kakao.com/product/9663573
와인/양주/전통주,와인,,~2만원대,브랜드명 :와인25플러스,"""스파클링와인"" 호메세라 부케 까바 브룻",25000,,,303.0,,https://gift.kakao.com/product/9668171
와인/양주/전통주,와인,,~2만원대,브랜드명 :와인25플러스,"""화이트와인"" 카)스톤베이 소비뇽 블랑",22900,,,1754.0,,https://gift.kakao.com/product/11268681
와인/양주/전통주,와인,,~2만원대,브랜드명 :와인25플러스,"""화이트와인"" 머드 하우스 싱글빈야드 소비뇽블랑",25000,,,238.0,,https://gift.kakao.com/product/10096861
와인/양주/전통주,와인,,~2만원대,브랜드명 :와인25플러스,"""화이트와인"" 울쉬드 모스카토 2입",29000,,,43.0,,https://gift.kakao.com/product/11066791
와인/양주/전통주,와인,,~2만원대,브랜드명 :와인25플러스,"""스파클링와인"" 티스팟 브뤼",25000,,,61.0,,https://gift.kakao.com/product/9660102
와인/양주/전통주,와인,,~2만원대,브랜드명 :와인25플러스,"""로제와인"" 몬테칠로 로제",23900,,,199.0,,https://gift.kakao.com/product/9660111
와인/양주/전통주,와인,,~2만원대,브랜드명 :와인25플러스,"""스파클링와인"" 도멘 생 미셸 로제",23500,,,160.0,,https://gift.kakao.com/product/9660109
와인/양주/전통주,와인,,~2만원대,브랜드명 :와인25플러스,"""레드와인"" 진로 레드와인",16000,,,53.0,,https://gift.kakao.com/product/9663246
와인/양주/전통주,와인,,~2만원대,브랜드명 :와인25플러스,"""레드와인"" 1000스토리즈 진판델",29900,,,113.0,,https://gift.kakao.com/product/9667385
와인/양주/전통주,와인,,~2만원대,브랜드명 :와인25플러스,"""화이트와인"" 맥스 리제르바 샤르도네",24900,,,80.0,,https://gift.kakao.com/product/9670545
와인/양주/전통주,와인,,~2만원대,브랜드명 :와인25플러스,"""레드와인"" (1.5L)디아블로 까쇼 매그넘",25800,,,176.0,,https://gift.kakao.com/product/9670552
와인/양주/전통주,와인,,~2만원대,브랜드명 :와인25플러스,"""레드와인"" 캐릭터 세트(말벡+까쇼)",20000,,,161.0,,https://gift.kakao.com/product/9663251
와인/양주/전통주,와인,,~2만원대,브랜드명 :와인25플러스,"""레드와인"" 카를로 사니 수수마니엘로",18900,,,150.0,,https://gift.kakao.com/product/10054272
와인/양주/전통주,와인,,~2만원대,브랜드명 :와인25플러스,"""레드와인"" 로쉐마제 랑그독 A.O.C",17900,,,46.0,,https://gift.kakao.com/product/9670556
와인/양주/전통주,와인,,~2만원대,브랜드명 :와인25플러스,"""레드와인"" 크레스만 테라 마에",18500,,,20.0,,https://gift.kakao.com/product/10191869
와인/양주/전통주,와인,,~2만원대,브랜드명 :와인25플러스,"""화이트와인"" 얄리 레세르바 소비뇽 블랑",17900,,,23.0,,https://gift.kakao.com/product/10096995
와인/양주/전통주,와인,,~2만원대,브랜드명 :와인25플러스,"""레드와인"" 얄리 그랑 레세르바 까쇼(친환경)",23000,,,12.0,,https://gift.kakao.com/product/10096991
와인/양주/전통주,와인,,~2만원대,브랜드명 :와인25플러스,"""레드와인"" 머드하우스 피노누아",29900,,,58.0,,https://gift.kakao.com/product/10096876
와인/양주/전통주,와인,,~2만원대,브랜드명 :와인25플러스,"""화이트와인"" 제라르 베르트랑)오렌지골드",26900,,,26.0,,https://gift.kakao.com/product/10096877
와인/양주/전통주,와인,,~2만원대,브랜드명 :와인25플러스,"""화이트와인"" 머드하우스 피노그리",25000,,,37.0,,https://gift.kakao.com/product/10096874
와인/양주/전통주,와인,,~2만원대,브랜드명 :와인25플러스,"""레드와인"" 제라르 베르트랑)샤또 로스피딸레 라 리저브",32000,,,51.0,,https://gift.kakao.com/product/10096873
와인/양주/전통주,와인,,~2만원대,브랜드명 :와인25플러스,"""스파클링와인"" 세구라 비우다스)아리아 브뤼",26600,,,30.0,,https://gift.kakao.com/product/10096863
와인/양주/전통주,와인,,~2만원대,브랜드명 :와인25플러스,"""레드와인"" (1.5L)산타헬레나 매그넘",19900,,,18.0,,https://gift.kakao.com/product/10054262
와인/양주/전통주,와인,,~2만원대,브랜드명 :와인25플러스,"""화이트와인"" 얄리 와일드스완 샤르도네 2본입 패키지",23900,,,108.0,,https://gift.kakao.com/product/9891078
와인/양주/전통주,와인,,~2만원대,브랜드명 :와인25플러스,"""스파클링와인"" 산테로 958 러브 플라스틱전용잔 패키지",29800,,,54.0,,https://gift.kakao.com/product/9890565
와인/양주/전통주,와인,,~2만원대,브랜드명 :와인25플러스,"""스파클링와인"" 산테로 958 파티 플라스틱전용잔 패키지",29800,,,52.0,,https://gift.kakao.com/product/9890564
와인/양주/전통주,와인,,~2만원대,브랜드명 :와인25플러스,"""레드와인"" 로쉐 마제 까베르네소비뇽 2입 기획",25800,,,174.0,,https://gift.kakao.com/product/9874835
와인/양주/전통주,와인,,~2만원대,브랜드명 :와인25플러스,"""레드와인"" 디아블로 다크 레드",19900,,,132.0,,https://gift.kakao.com/product/9812820
와인/양주/전통주,와인,,~2만원대,브랜드명 :와인25플러스,"""레드와인"" 맥스 리제르바 피노누아",24900,,,106.0,,https://gift.kakao.com/product/9670546
와인/양주/전통주,와인,,~2만원대,브랜드명 :와인25플러스,"""레드와인"" 자불레 꼬뜨뒤론 빠할레 45 루즈",24000,,,30.0,,https://gift.kakao.com/product/9667474
와인/양주/전통주,와인,,~2만원대,브랜드명 :와인25플러스,"""레드와인"" 시트랑 리미티드 에디션",18000,,,62.0,,https://gift.kakao.com/product/9667421
와인/양주/전통주,와인,,~2만원대,브랜드명 :와인25플러스,"""레드와인"" 14 핸즈 카베르네 소비뇽",28000,,,51.0,,https://gift.kakao.com/product/9667404
와인/양주/전통주,와인,,~2만원대,브랜드명 :와인25플러스,"""로제와인"" 산 마르짜노 트라마리 로제 디 프리미티보 살렌토 IGP",21900,,,135.0,,https://gift.kakao.com/product/9660105
와인/양주/전통주,와인,,3~5만원,브랜드명 :와인25플러스,"""스파클링와인"" 프레첼로 스푸만테 돌체(6입)",49000,,,,,https://gift.kakao.com/product/12085940
와인/양주/전통주,와인,,3~5만원,브랜드명 :와인25플러스,"""레드와인"" 프레첼로 비노 로쏘(6입)",49000,,,,,https://gift.kakao.com/product/12085941
와인/양주/전통주,와인,,3~5만원,브랜드명 :와인25플러스,"""화이트와인"" 프레첼로 비노 비앙코(6입)",49000,,,,,https://gift.kakao.com/product/12085942
와인/양주/전통주,와인,,3~5만원,브랜드명 :와인25플러스,"""스파클링와인"" 프레첼로 스푸만테(6입)",49000,,,,,https://gift.kakao.com/product/12085939
와인/양주/전통주,와인,,3~5만원,브랜드명 :와인25플러스,"""레드와인"" 모스퀴따 무레타 피스피 레드 블렌드",58000,,,2.0,,https://gift.kakao.com/product/12071813
와인/양주/전통주,와인,,3~5만원,브랜드명 :와인25플러스,"""추천와인"" 스타 라이트 샤도네이 3입 & 카버네 3입 기획박스 (6본입)",58000,,,,,https://gift.kakao.com/product/12071791
와인/양주/전통주,와인,,3~5만원,브랜드명 :와인25플러스,"""화이트와인"" 오텔라 몰체오 루가나 리세르바",55000,,,1.0,,https://gift.kakao.com/product/12071794
와인/양주/전통주,와인,,3~5만원,브랜드명 :와인25플러스,"""레드와인"" 라스 페러디세스 레세르바 말벡",38000,,,4.0,,https://gift.kakao.com/product/12071811
와인/양주/전통주,와인,,3~5만원,브랜드명 :와인25플러스,"""화이트와인"" 앵커리지 피노 그리",37900,,,,,https://gift.kakao.com/product/12084161
와인/양주/전통주,와인,,3~5만원,브랜드명 :와인25플러스,"""화이트와인"" 앵커리지 샤르도네",39900,,,1.0,,https://gift.kakao.com/product/12084160
와인/양주/전통주,와인,,3~5만원,브랜드명 :와인25플러스,"""레드와인"" 오텔라 제메이",35000,,,,,https://gift.kakao.com/product/12071795
와인/양주/전통주,와인,,3~5만원,브랜드명 :와인25플러스,"""레드와인"" 루티니 트럼페터 레세르바 말벡",30000,,,4.0,,https://gift.kakao.com/product/12071816
와인/양주/전통주,와인,,3~5만원,브랜드명 :와인25플러스,"""레드와인"" 샤또 라 뚜르 꼬르두안 메독",59000,,,4.0,,https://gift.kakao.com/product/12037315
와인/양주/전통주,와인,,3~5만원,브랜드명 :와인25플러스,"""레드와인"" 샤또 뒤 포르트 뽕튀스 프론삭",58000,,,4.0,,https://gift.kakao.com/product/12037323
와인/양주/전통주,와인,,3~5만원,브랜드명 :와인25플러스,"""레드와인"" 샤또 라 플레르 몽따뉴 생떼밀리옹",57000,,,2.0,,https://gift.kakao.com/product/12037314
와인/양주/전통주,와인,,3~5만원,브랜드명 :와인25플러스,"""레드와인"" 샤또 라 플레르 쁘아또 뤼삭 생떼밀리옹",55000,,,2.0,,https://gift.kakao.com/product/12037313
와인/양주/전통주,와인,,3~5만원,브랜드명 :와인25플러스,"""레드와인"" 샤또 트레비악 그라브",54000,,,2.0,,https://gift.kakao.com/product/12037324
와인/양주/전통주,와인,,3~5만원,브랜드명 :와인25플러스,"""레드와인"" 샤또 트레비악 그라브 블랑",54000,,,2.0,,https://gift.kakao.com/product/12037325
와인/양주/전통주,와인,,3~5만원,브랜드명 :와인25플러스,"""레드와인"" 타리마 3본입",45000,,,3.0,,https://gift.kakao.com/product/12050628
와인/양주/전통주,와인,,3~5만원,브랜드명 :와인25플러스,"""화이트와인"" 360 루아르 소비뇽블랑 3본입",39900,,,2.0,,https://gift.kakao.com/product/12050626
와인/양주/전통주,와인,,3~5만원,브랜드명 :와인25플러스,"""화이트와인"" 밴락 스테이션 샤르도네 6입",59400,,,1.0,,https://gift.kakao.com/product/12050630
와인/양주/전통주,와인,,3~5만원,브랜드명 :와인25플러스,"""스파클링와인"" 밴락 스테이션 모스카토 6입",59400,,,2.0,,https://gift.kakao.com/product/12050631
와인/양주/전통주,와인,,3~5만원,브랜드명 :와인25플러스,"""레드와인"" 밴락 스테이션 쉬라즈 6입",59400,,,,,https://gift.kakao.com/product/12050629
와인/양주/전통주,와인,,3~5만원,브랜드명 :와인25플러스,"""레드와인"" 루이지 에이나우디 랑게 네비올로 2023",45900,,,4.0,,https://gift.kakao.com/product/12037328
와인/양주/전통주,와인,,3~5만원,브랜드명 :와인25플러스,"""레드와인"" 샤또 레 에고 꼬뜨 드 부르그",37000,,,1.0,,https://gift.kakao.com/product/12037312
와인/양주/전통주,와인,,3~5만원,브랜드명 :와인25플러스,"""레드와인"" 샤또 라 호쉐 세귀르 보르도 슈페리어",37000,,,,,https://gift.kakao.com/product/12037311
와인/양주/전통주,와인,,3~5만원,브랜드명 :와인25플러스,"""레드와인"" 샤또 슈발리에 보르도 슈페리어",37000,,,1.0,,https://gift.kakao.com/product/12037310
와인/양주/전통주,와인,,3~5만원,브랜드명 :와인25플러스,"""레드와인"" 아이캔디 피노누아",39000,,,295.0,,https://gift.kakao.com/product/11530403
와인/양주/전통주,와인,,3~5만원,브랜드명 :와인25플러스,"""레드와인"" 토레스)셀레스테 서울 에디션",49000,,,199.0,,https://gift.kakao.com/product/11205526
와인/양주/전통주,와인,,3~5만원,브랜드명 :와인25플러스,"""레드와인"" 플라네타 부르데제",55000,,,10.0,,https://gift.kakao.com/product/9670579
와인/양주/전통주,와인,,3~5만원,브랜드명 :와인25플러스,"""화이트와인"" 스마일리 쇼비뇽블랑 아이스버켓패키지",34500,,,120.0,,https://gift.kakao.com/product/11455596
와인/양주/전통주,와인,,3~5만원,브랜드명 :와인25플러스,"""화이트와인"" 뱅베) 도멘 뒤 쁘띠 오하투아 비방 아 수비 2020 + 피크닉패키지",49000,,,18.0,,https://gift.kakao.com/product/11617666
와인/양주/전통주,와인,,3~5만원,브랜드명 :와인25플러스,"""화이트와인"" 오이스터베이샤르도네",36900,,,319.0,,https://gift.kakao.com/product/11296430
와인/양주/전통주,와인,,3~5만원,브랜드명 :와인25플러스,"""레드와인"" 라 리오하 알타 핀카 산마르틴 크리안자 2017",34000,,,14.0,,https://gift.kakao.com/product/11363684
와인/양주/전통주,와인,,3~5만원,브랜드명 :와인25플러스,"""화이트와인"" 샤또 크뤼조 화이트",48800,,,39.0,,https://gift.kakao.com/product/9670553
와인/양주/전통주,와인,,3~5만원,브랜드명 :와인25플러스,"""스파클링와인"" 덕혼 디코이 스파클링",39900,,,152.0,,https://gift.kakao.com/product/9667475
와인/양주/전통주,와인,,3~5만원,브랜드명 :와인25플러스,"""레드와인"" 뱅베)레 풀라흐 후즈 레 빌랭 + 피크닉 패키지",49000,,,13.0,,https://gift.kakao.com/product/11617665
와인/양주/전통주,와인,,3~5만원,브랜드명 :와인25플러스,"""추천와인"" 스톤베이 쇼비뇽블랑+레드블렌드 2입 피크닉 기획팩",39900,,,131.0,,https://gift.kakao.com/product/11619305
와인/양주/전통주,와인,,3~5만원,브랜드명 :와인25플러스,"""화이트와인"" 위겔 게뷔르츠트라미너 클래식",45000,,,64.0,,https://gift.kakao.com/product/10917460
와인/양주/전통주,와인,,3~5만원,브랜드명 :와인25플러스,"""화이트와인"" 이콰나 샤블리",34000,,,46.0,,https://gift.kakao.com/product/10747277
와인/양주/전통주,와인,,3~5만원,브랜드명 :와인25플러스,"""샴페인"" 샴페인 갸스통 드끌로",59000,,,26.0,,https://gift.kakao.com/product/11443366
와인/양주/전통주,와인,,3~5만원,브랜드명 :와인25플러스,"""레드와인"" 라 리오하 알타 비냐 알베르디 리제르바 2019",54000,,,11.0,,https://gift.kakao.com/product/11363681
와인/양주/전통주,와인,,3~5만원,브랜드명 :와인25플러스,"""레드와인"" 러시안 잭 피노누아",40000,,,234.0,,https://gift.kakao.com/product/11322861
와인/양주/전통주,와인,,3~5만원,브랜드명 :와인25플러스,"""화이트와인"" 캔달잭슨 빈트너스 리저브 샤르도네",34900,,,623.0,,https://gift.kakao.com/product/10507737
와인/양주/전통주,와인,,3~5만원,브랜드명 :와인25플러스,"""레드와인"" 투핸즈 섹시 비스트",45000,,,188.0,,https://gift.kakao.com/product/9670576
와인/양주/전통주,와인,,3~5만원,브랜드명 :와인25플러스,"""레드와인"" 라미디아 로쏘 카르보",35000,,,41.0,,https://gift.kakao.com/product/10716939
와인/양주/전통주,와인,,3~5만원,브랜드명 :와인25플러스,"""레드와인"" 스마일리 피노누아 아이스버켓패키지",34500,,,47.0,,https://gift.kakao.com/product/11455594
와인/양주/전통주,와인,,3~5만원,브랜드명 :와인25플러스,"""로제와인"" 메종 넘버나인 로제 패키지",49000,,,215.0,,https://gift.kakao.com/product/9667388
와인/양주/전통주,와인,,3~5만원,브랜드명 :와인25플러스,"""레드와인"" 카사 로호 틴타 피나 NEW",56900,,,20.0,,https://gift.kakao.com/product/11440069
와인/양주/전통주,와인,,3~5만원,브랜드명 :와인25플러스,"""내추럴와인"" 밀란 네스타레츠 붐붐차 2020",39900,,,70.0,,https://gift.kakao.com/product/10716940
와인/양주/전통주,와인,,3~5만원,브랜드명 :와인25플러스,"""레드와인"" 라 리오하 알타 토레드 오나 리제르바 2016",55000,,,11.0,,https://gift.kakao.com/product/11363682
와인/양주/전통주,와인,,3~5만원,브랜드명 :와인25플러스,"""레드와인"" 투핸즈 날리 듀즈",45000,,,77.0,,https://gift.kakao.com/product/9670575
와인/양주/전통주,와인,,3~5만원,브랜드명 :와인25플러스,"""스파클링와인"" 비솔 카르티제 발도비아데네 수페리오레 드라이",55000,,,31.0,,https://gift.kakao.com/product/9663252
와인/양주/전통주,와인,,3~5만원,브랜드명 :와인25플러스,"""화이트와인"" 스마일리 샤도네이 아이스버켓패키지",34500,,,155.0,,https://gift.kakao.com/product/11455592
와인/양주/전통주,와인,,3~5만원,브랜드명 :와인25플러스,"""스파클링와인"" 보테가 모스카토 만조니 1본입 로즈향 케이스",58900,,,645.0,,https://gift.kakao.com/product/10312666
와인/양주/전통주,와인,,3~5만원,브랜드명 :와인25플러스,"""레드와인"" 랑메일 밸리 플로우 쉬라즈",43900,,,20.0,,https://gift.kakao.com/product/10191863
와인/양주/전통주,와인,,3~5만원,브랜드명 :와인25플러스,"""스파클링와인"" 마리 스튜아트 뀌베 라 헨느 브뤼",55000,,,13.0,,https://gift.kakao.com/product/10054268
와인/양주/전통주,와인,,3~5만원,브랜드명 :와인25플러스,"""화이트와인"" 티스팟 블랑",40000,,,33.0,,https://gift.kakao.com/product/10244389
와인/양주/전통주,와인,,3~5만원,브랜드명 :와인25플러스,"""추천와인"" 이탈리아 가성비 추천 세트(와이낫+로마)",45000,,,120.0,,https://gift.kakao.com/product/9667195
와인/양주/전통주,와인,,3~5만원,브랜드명 :와인25플러스,"""화이트와인"" 펜폴즈 맥스 샤르도네(더매틱 패키지)",35800,,,34.0,,https://gift.kakao.com/product/9667515
와인/양주/전통주,와인,,3~5만원,브랜드명 :와인25플러스,"""레드와인"" 앙드레 구아쇼 부르고뉴 피노누아",44900,,,53.0,,https://gift.kakao.com/product/10191865
와인/양주/전통주,와인,,3~5만원,브랜드명 :와인25플러스,"""화이트와인"" 스마일리 므왈레 아이스버켓패키지",34500,,,105.0,,https://gift.kakao.com/product/11455593
와인/양주/전통주,와인,,3~5만원,브랜드명 :와인25플러스,"""레드와인"" 몽그라스 안투 까베르네소비뇽",32900,,,30.0,,https://gift.kakao.com/product/9813114
와인/양주/전통주,와인,,3~5만원,브랜드명 :와인25플러스,"""레드와인"" 덕혼 디코이 카버네 소비뇽",38900,,,720.0,,https://gift.kakao.com/product/9667470
와인/양주/전통주,와인,,3~5만원,브랜드명 :와인25플러스,"""레드와인"" 디아블로 블랙 카베르네 소비뇽",31000,,,163.0,,https://gift.kakao.com/product/9667403
와인/양주/전통주,와인,,3~5만원,브랜드명 :와인25플러스,"""추천와인"" 디아블로 데블스 카나발 레드&화이트 세트",37900,,,1442.0,,https://gift.kakao.com/product/9667380
와인/양주/전통주,와인,,3~5만원,브랜드명 :와인25플러스,"""레드와인"" 티스팟 보르도 레드",30000,,,80.0,,https://gift.kakao.com/product/9662640
와인/양주/전통주,와인,,3~5만원,브랜드명 :와인25플러스,"""레드와인"" 스마일리 까베르네 쇼비뇽 아이스버켓패키지",34500,,,29.0,,https://gift.kakao.com/product/11455591
와인/양주/전통주,와인,,3~5만원,브랜드명 :와인25플러스,"""레드와인"" 까테나 자파타 까테나 까베르네소비뇽",35000,,,78.0,,https://gift.kakao.com/product/9667514
와인/양주/전통주,와인,,3~5만원,브랜드명 :와인25플러스,"""화이트와인"" 블루넌 프리미엄 아이스",35900,,,588.0,,https://gift.kakao.com/product/9660087
와인/양주/전통주,와인,,3~5만원,브랜드명 :와인25플러스,"""레드와인"" 코폴라 로쏘 앤 비앙코 로쏘",24900,,,19.0,,https://gift.kakao.com/product/10191866
와인/양주/전통주,와인,,3~5만원,브랜드명 :와인25플러스,"""레드와인"" 필리프 수퍼 토스카나",60000,,,207.0,,https://gift.kakao.com/product/10054270
와인/양주/전통주,와인,,3~5만원,브랜드명 :와인25플러스,"""화이트와인"" 도멘 드 라 제니요뜨 샤블리",52000,,,57.0,,https://gift.kakao.com/product/11016475
와인/양주/전통주,와인,,3~5만원,브랜드명 :와인25플러스,"""레드와인"" 더 페데럴리스트 카베르네소비뇽 원통패키지",40000,,,18.0,,https://gift.kakao.com/product/9940135
와인/양주/전통주,와인,,3~5만원,브랜드명 :와인25플러스,"""화이트와인"" 피피 베이 말보로 소비뇽 블랑 2입",39900,,,80.0,,https://gift.kakao.com/product/11015945
와인/양주/전통주,와인,,6~9만원,브랜드명 :와인25플러스,"""추천와인"" 게오르지움 부르군더큐베 펫낫 매그넘",77000,,,,,https://gift.kakao.com/product/12071796
와인/양주/전통주,와인,,6~9만원,브랜드명 :와인25플러스,"""샴페인"" 샴페인 와리 에 피에 프레미스 그랑크뤼",62000,,,,,https://gift.kakao.com/product/12071793
와인/양주/전통주,와인,,6~9만원,브랜드명 :와인25플러스,"""레드와인"" 루이지 에이나우디 바롤로 루도 2021",99000,,,1.0,,https://gift.kakao.com/product/12037329
와인/양주/전통주,와인,,6~9만원,브랜드명 :와인25플러스,"""레드와인"" 샤또 뚜르 캐논",99000,,,1.0,,https://gift.kakao.com/product/12037327
와인/양주/전통주,와인,,6~9만원,브랜드명 :와인25플러스,"""레드와인"" 클로 데 갈르베스 라랑드 포메롤",89000,,,1.0,,https://gift.kakao.com/product/12037320
와인/양주/전통주,와인,,6~9만원,브랜드명 :와인25플러스,"""레드와인"" 파토리아 디 몬테마지오 끼안티 클라시코 리제르바 2016",86900,,,1.0,,https://gift.kakao.com/product/12037332
와인/양주/전통주,와인,,6~9만원,브랜드명 :와인25플러스,"""레드와인"" 샤또 바버호스 생떼밀리옹",85000,,,,,https://gift.kakao.com/product/12037319
와인/양주/전통주,와인,,6~9만원,브랜드명 :와인25플러스,"""레드와인"" 샤또 라 르네상스 포메롤  샤또 라 크와드 생 죠지",85000,,,1.0,,https://gift.kakao.com/product/12037317
와인/양주/전통주,와인,,6~9만원,브랜드명 :와인25플러스,"""레드와인"" 샤또 뚜르 레스꾸르 생떼밀리옹",85000,,,,,https://gift.kakao.com/product/12037318
와인/양주/전통주,와인,,6~9만원,브랜드명 :와인25플러스,"""화이트와인"" G7 소비뇽 블랑(12입)",79800,,,,,https://gift.kakao.com/product/12050625
와인/양주/전통주,와인,,6~9만원,브랜드명 :와인25플러스,"""화이트와인"" 프란첸, 리슬링 그로쎄스 게백스",99000,,,1.0,,https://gift.kakao.com/product/12036600
와인/양주/전통주,와인,,6~9만원,브랜드명 :와인25플러스,"""화이트와인"" 반 폭셈, 골드베륵 그로쎄스 게백스",85000,,,1.0,,https://gift.kakao.com/product/12036599
와인/양주/전통주,와인,,6~9만원,브랜드명 :와인25플러스,"""샴페인"" 파이퍼 하이직 뀌베 브뤼",78900,,,1434.0,,https://gift.kakao.com/product/9667398
와인/양주/전통주,와인,,6~9만원,브랜드명 :와인25플러스,"""화이트와인"" 클라우디 베이 기프트 세트 (소비뇽 블랑 + 피노 누아)",98800,,,229.0,,https://gift.kakao.com/product/11847404
와인/양주/전통주,와인,,6~9만원,브랜드명 :와인25플러스,"""화이트와인"" 스마일리로제 스마일리 므왈레  아이스버켓패키지 2입",68000,,,40.0,,https://gift.kakao.com/product/11455590
와인/양주/전통주,와인,,6~9만원,브랜드명 :와인25플러스,"""추천와인"" 캔달잭슨 그랑 리저브 샤르도네 + 빈트너스 리저브 샤르도네 세트",89000,,,120.0,,https://gift.kakao.com/product/10798433
와인/양주/전통주,와인,,6~9만원,브랜드명 :와인25플러스,"""샴페인"" 봉발레 블랑 드 블랑",89600,,,49.0,,https://gift.kakao.com/product/11349636
와인/양주/전통주,와인,,6~9만원,브랜드명 :와인25플러스,"""샴페인"" 로랑페리에 라 뀌베 브룻",78000,,,255.0,,https://gift.kakao.com/product/10937649
와인/양주/전통주,와인,,6~9만원,브랜드명 :와인25플러스,"""추천와인"" 스마일리 샤도네이 스마일리 피노누아 아이스버켓패키지 2입",68000,,,18.0,,https://gift.kakao.com/product/11455595
와인/양주/전통주,와인,,6~9만원,브랜드명 :와인25플러스,"""샴페인"" 앙리 지로 누벨 에스쁘리 나뚜르 G 브뤼",99000,,,135.0,,https://gift.kakao.com/product/11034324
와인/양주/전통주,와인,,6~9만원,브랜드명 :와인25플러스,"""레드와인"" 라 리오하 알타 비냐아라나 그란리제르바 2015",88000,,,19.0,,https://gift.kakao.com/product/11363680
와인/양주/전통주,와인,,6~9만원,브랜드명 :와인25플러스,"""샴페인"" 찰스하이직 브륏 리저브 NV",89900,,,254.0,,https://gift.kakao.com/product/10932242
와인/양주/전통주,와인,,6~9만원,브랜드명 :와인25플러스,"""샴페인"" 골든블랑 5스타 브뤼 Birthday 패키지",99000,,,1152.0,,https://gift.kakao.com/product/10211105
와인/양주/전통주,와인,,6~9만원,브랜드명 :와인25플러스,"""샴페인"" 봉발레 브뤼",80500,,,15.0,,https://gift.kakao.com/product/11350102
와인/양주/전통주,와인,,6~9만원,브랜드명 :와인25플러스,"""샴페인"" 뵈브 클리코 아이스 박스",99800,,,1050.0,,https://gift.kakao.com/product/9951827
와인/양주/전통주,와인,,6~9만원,브랜드명 :와인25플러스,"""추천와인"" 스마일리 쇼비뇽블랑  스마일리 까베르네 쇼비뇽아이스버켓패키지 2입",68000,,,29.0,,https://gift.kakao.com/product/11455597
와인/양주/전통주,와인,,6~9만원,브랜드명 :와인25플러스,"""레드와인"" 아마란타 몬테풀치아노 다브루쪼 2입",89800,,,52.0,,https://gift.kakao.com/product/11015952
와인/양주/전통주,와인,,6~9만원,브랜드명 :와인25플러스,"""레드와인"" 라 리오하 알타 핀카 마르텔로 리제르바 2016",73000,,,12.0,,https://gift.kakao.com/product/11363683
와인/양주/전통주,와인,,6~9만원,브랜드명 :와인25플러스,"""내추럴와인"" 아드와 팔란기나 스킨컨텍트",72900,,,18.0,,https://gift.kakao.com/product/10955688
와인/양주/전통주,와인,,6~9만원,브랜드명 :와인25플러스,"""레드와인"" 이스까이 말벡 까베르네프랑",73500,,,808.0,,https://gift.kakao.com/product/9660096
와인/양주/전통주,와인,,6~9만원,브랜드명 :와인25플러스,"""레드와인"" 바라온다 모나스트렐 3입",74700,,,10.0,,https://gift.kakao.com/product/10796549
와인/양주/전통주,와인,,6~9만원,브랜드명 :와인25플러스,"""스파클링와인"" 보테가)로즈 골드",65300,,,236.0,,https://gift.kakao.com/product/10075059
와인/양주/전통주,와인,,6~9만원,브랜드명 :와인25플러스,"""샴페인"" 폴 당장 뀌베 카르트 누와 잔패키지",69000,,,209.0,,https://gift.kakao.com/product/10354088
와인/양주/전통주,와인,,6~9만원,브랜드명 :와인25플러스,"""레드와인"" 체치 투유 에밀리아 람부르스코 로쏘+전용 패키지",69000,,,203.0,,https://gift.kakao.com/product/10602902
와인/양주/전통주,와인,,6~9만원,브랜드명 :와인25플러스,"""샴페인"" 까나뒤센 브뤼 루미너스",75900,,,22.0,,https://gift.kakao.com/product/10715215
와인/양주/전통주,와인,,6~9만원,브랜드명 :와인25플러스,"""스파클링와인"" 보테가 골드",61900,,,270.0,,https://gift.kakao.com/product/10075058
와인/양주/전통주,와인,,6~9만원,브랜드명 :와인25플러스,"""레드와인"" 이스까이 시라 비오니에",73500,,,225.0,,https://gift.kakao.com/product/9660100
와인/양주/전통주,와인,,6~9만원,브랜드명 :와인25플러스,"""레드와인"" 그라바스 델 마이포 시라",92800,,,52.0,,https://gift.kakao.com/product/9667427
와인/양주/전통주,와인,,6~9만원,브랜드명 :와인25플러스,"""샴페인"" 폴 당장 뀌베 카르트 블랑쉬",75000,,,128.0,,https://gift.kakao.com/product/9670426
와인/양주/전통주,와인,,6~9만원,브랜드명 :와인25플러스,"""화이트와인"" 제라르 베르트랑 시갈뤼스 블랑",75000,,,43.0,,https://gift.kakao.com/product/10096867
와인/양주/전통주,와인,,6~9만원,브랜드명 :와인25플러스,"""샴페인"" 폴 당장 뀌베 카르트 누와",69000,,,62.0,,https://gift.kakao.com/product/9670427
와인/양주/전통주,와인,,6~9만원,브랜드명 :와인25플러스,"""레드와인"" 그라바스 델 마이포 카베르네 소비뇽",95800,,,73.0,,https://gift.kakao.com/product/9667426
와인/양주/전통주,와인,,6~9만원,브랜드명 :와인25플러스,"""레드와인"" 타라파카)그란 레세르바 에티케타 네그라",49900,,,16.0,,https://gift.kakao.com/product/10054264
와인/양주/전통주,와인,,6~9만원,브랜드명 :와인25플러스,"""레드와인"" 1865 더블배럴x골프공(형광) 패키지",88800,,,11.0,,https://gift.kakao.com/product/9813196
와인/양주/전통주,와인,,6~9만원,브랜드명 :와인25플러스,"""추천와인"" 펜폴즈 원 바이 패키지(3본)패키지",89900,,,11.0,,https://gift.kakao.com/product/9813198
와인/양주/전통주,와인,,6~9만원,브랜드명 :와인25플러스,"""스파클링와인"" 폴 루이 마르땅 그랑크뤼",79000,,,35.0,,https://gift.kakao.com/product/9813117
와인/양주/전통주,와인,,6~9만원,브랜드명 :와인25플러스,"""레드와인"" 몽그라스 인트리가 막시마",99000,,,17.0,,https://gift.kakao.com/product/9813113
와인/양주/전통주,와인,,6~9만원,브랜드명 :와인25플러스,"""레드와인"" 투핸즈 릴리스 가든",90000,,,59.0,,https://gift.kakao.com/product/9672802
와인/양주/전통주,와인,,6~9만원,브랜드명 :와인25플러스,"""레드와인"" 아차발 페레 키메라",85000,,,16.0,,https://gift.kakao.com/product/9670586
와인/양주/전통주,와인,,6~9만원,브랜드명 :와인25플러스,"""레드와인"" 에고메이 알마",84900,,,22.0,,https://gift.kakao.com/product/9670587
와인/양주/전통주,와인,,6~9만원,브랜드명 :와인25플러스,"""레드와인"" 뻬스께라 레세르바",59000,,,12.0,,https://gift.kakao.com/product/9670583
와인/양주/전통주,와인,,6~9만원,브랜드명 :와인25플러스,"""화이트와인"" 델리카토 블랙스탈리온 샤르도네",52900,,,76.0,,https://gift.kakao.com/product/9667483
와인/양주/전통주,와인,,6~9만원,브랜드명 :와인25플러스,"""레드와인"" 인솔리오 델 칭걀레",69000,,,15.0,,https://gift.kakao.com/product/9667469
와인/양주/전통주,와인,,6~9만원,브랜드명 :와인25플러스,"""레드와인"" 퀘르체토 라 코르테",72000,,,24.0,,https://gift.kakao.com/product/9667468
와인/양주/전통주,와인,,6~9만원,브랜드명 :와인25플러스,"""로제와인"" 몽제아 뮈네레 크레망 드 부르고뉴 뀌베 끌로에",99000,,,48.0,,https://gift.kakao.com/product/9667466
와인/양주/전통주,와인,,6~9만원,브랜드명 :와인25플러스,"""레드와인"" 투핸즈 벨라스 가든",90000,,,108.0,,https://gift.kakao.com/product/9667458
와인/양주/전통주,와인,,6~9만원,브랜드명 :와인25플러스,"""추천와인"" BV 세트(까쇼+샤도)",60000,,,38.0,,https://gift.kakao.com/product/9667193
와인/양주/전통주,와인,,6~9만원,브랜드명 :와인25플러스,"""레드와인"" 제라르 베르트랑 뀌베100",76000,,,27.0,,https://gift.kakao.com/product/9663250
와인/양주/전통주,와인,,6~9만원,브랜드명 :와인25플러스,"""샴페인"" 샴페인 알랭 베셀 트래디션 브뤼",70000,,,36.0,,https://gift.kakao.com/product/9660127
와인/양주/전통주,와인,,6~9만원,브랜드명 :와인25플러스,"""레드와인"" 다렌버그 데드 암 쉬라즈",74000,,,43.0,,https://gift.kakao.com/product/9660095
와인/양주/전통주,와인,,6~9만원,브랜드명 :와인25플러스,"""내추럴와인"" 카바이 쏘비뇽",65000,,,32.0,,https://gift.kakao.com/product/9670584
와인/양주/전통주,와인,,6~9만원,브랜드명 :와인25플러스,"""내추럴와인"" 카바이 메를로",85000,,,28.0,,https://gift.kakao.com/product/9670588
와인/양주/전통주,와인,,6~9만원,브랜드명 :와인25플러스,"""레드와인"" 페블레 브르고뉴 피노누아",55000,,,104.0,,https://gift.kakao.com/product/10514543
와인/양주/전통주,와인,,6~9만원,브랜드명 :와인25플러스,"""화이트와인"" 페블레 브루고뉴 샤도네이",60000,,,181.0,,https://gift.kakao.com/product/10514544
와인/양주/전통주,와인,,6~9만원,브랜드명 :와인25플러스,"""주정강화와인"" 그라함 10년 토니 포트",64900,,,196.0,,https://gift.kakao.com/product/10747279
와인/양주/전통주,와인,,6~9만원,브랜드명 :와인25플러스,"""화이트와인"" 로쉬 드 벨렌 샤블리 비에유비뉴",53000,,,32.0,,https://gift.kakao.com/product/10747276
와인/양주/전통주,와인,,6~9만원,브랜드명 :와인25플러스,"""레드와인"" 블랙버드 빈야드 어라이즈 나파밸리",94000,,,38.0,,https://gift.kakao.com/product/10746280
와인/양주/전통주,와인,,6~9만원,브랜드명 :와인25플러스,"""샴페인"" 아 베르제르 오리진 브륏",70000,,,28.0,,https://gift.kakao.com/product/10746277
와인/양주/전통주,와인,,6~9만원,브랜드명 :와인25플러스,"""화이트와인"" 폴리움 레이트 하베스트",84000,,,23.0,,https://gift.kakao.com/product/10746279
와인/양주/전통주,와인,,6~9만원,브랜드명 :와인25플러스,"""화이트와인"" 타)샴페인 호스톰 트레디션",60000,,,10.0,,https://gift.kakao.com/product/10583181
와인/양주/전통주,와인,,6~9만원,브랜드명 :와인25플러스,"""스파클링와인"" 꼰타디)까스탈디 프란치아코르타 두카티 브뤼",75000,,,13.0,,https://gift.kakao.com/product/10096878
와인/양주/전통주,와인,,6~9만원,브랜드명 :와인25플러스,"""샴페인"" 아얄라 브뤼 마져",110000,,,40.0,,https://gift.kakao.com/product/10916776
와인/양주/전통주,와인,,6~9만원,브랜드명 :와인25플러스,"""샴페인"" 샴페인 들라븐 나뛰르 그랑 크뤼",93000,,,14.0,,https://gift.kakao.com/product/11129920
와인/양주/전통주,와인,,6~9만원,브랜드명 :와인25플러스,"""샴페인"" 샴페인 막스 쿠틀라 에 피스 트라디씨옹",74000,,,10.0,,https://gift.kakao.com/product/11130378
와인/양주/전통주,와인,,6~9만원,브랜드명 :와인25플러스,"""샴페인"" 샴페인 막스 쿠틀라 에 피스 로제",93000,,,9.0,,https://gift.kakao.com/product/11129917
와인/양주/전통주,와인,,10만원~,브랜드명 :와인25플러스,"""레드와인"" 뷰 플라또 세르탕 포메롤",265000,,,,,https://gift.kakao.com/product/12037322
와인/양주/전통주,와인,,10만원~,브랜드명 :와인25플러스,"""레드와인"" 라 피오리타 브루넬로 디 몬탈치노 리제르바 2018",217000,,,1.0,,https://gift.kakao.com/product/12037331
와인/양주/전통주,와인,,10만원~,브랜드명 :와인25플러스,"""레드와인"" 샤또 클로 드 살 포메롤",175000,,,,,https://gift.kakao.com/product/12037321
와인/양주/전통주,와인,,10만원~,브랜드명 :와인25플러스,"""레드와인"" 샤또 라 르네상스 포메롤",159000,,,,,https://gift.kakao.com/product/12037316
와인/양주/전통주,와인,,10만원~,브랜드명 :와인25플러스,"""레드와인"" 꼼떼스 드 뽀이약",155000,,,,,https://gift.kakao.com/product/12037326
와인/양주/전통주,와인,,10만원~,브랜드명 :와인25플러스,"""화이트와인"" 비스라르 샤도네이 (미슐랭)",150000,,,2.0,,https://gift.kakao.com/product/12039178
와인/양주/전통주,와인,,10만원~,브랜드명 :와인25플러스,"""레드와인"" 라 피오리타 브루넬로 디 몬탈치노 2019",129000,,,1.0,,https://gift.kakao.com/product/12037330
와인/양주/전통주,와인,,10만원~,브랜드명 :와인25플러스,"""샴페인"" 엘레마흐 호비옹 브이비엔 02",113000,,,,,https://gift.kakao.com/product/12039301
와인/양주/전통주,와인,,10만원~,브랜드명 :와인25플러스,"""샴페인"" 죠노 호방 필 드 브휨 NV",109000,,,3.0,,https://gift.kakao.com/product/12039300
와인/양주/전통주,와인,,10만원~,브랜드명 :와인25플러스,"""레드와인"" 끌로뒤발 예타릴",430000,,,4.0,,https://gift.kakao.com/product/12036616
와인/양주/전통주,와인,,10만원~,브랜드명 :와인25플러스,"""레드와인"" 델리카토 블랙스탈리온 부케팔로스",299000,,,,,https://gift.kakao.com/product/12036615
와인/양주/전통주,와인,,10만원~,브랜드명 :와인25플러스,"""레드와인"" 벤티스케로 엔클레이브",199000,,,,,https://gift.kakao.com/product/12036613
와인/양주/전통주,와인,,10만원~,브랜드명 :와인25플러스,"""화이트와인"" 반 폭셈, 샤츠호프베르거 그로쎄스 게백스",160000,,,1.0,,https://gift.kakao.com/product/12036598
와인/양주/전통주,와인,,10만원~,브랜드명 :와인25플러스,"""화이트와인"" 슐로스 고벨스버그, 하일리겐슈타인",140000,,,,,https://gift.kakao.com/product/12036601
와인/양주/전통주,와인,,10만원~,브랜드명 :와인25플러스,"""레드와인"" 토레스 마스 라 플라나",129000,,,115.0,,https://gift.kakao.com/product/10746707
와인/양주/전통주,와인,,10만원~,브랜드명 :와인25플러스,"""스파클링와인"" 로랑페리에 뀌베 로제 브룻",178800,,,137.0,,https://gift.kakao.com/product/9813118
와인/양주/전통주,와인,,10만원~,브랜드명 :와인25플러스,"""샴페인"" 파이퍼하이직 레어 나이트13",410000,,,179.0,,https://gift.kakao.com/product/10878840
와인/양주/전통주,와인,,10만원~,브랜드명 :와인25플러스,"""레드와인"" 토레스)퍼페츄얼",100000,,,44.0,,https://gift.kakao.com/product/11205528
와인/양주/전통주,와인,,10만원~,브랜드명 :와인25플러스,"""샴페인"" 봉발레 로제",108500,,,47.0,,https://gift.kakao.com/product/11349637
와인/양주/전통주,와인,,10만원~,브랜드명 :와인25플러스,"""레드와인"" 샤또 깔롱 세귀르 2021",270000,,,50.0,,https://gift.kakao.com/product/11328808
와인/양주/전통주,와인,,10만원~,브랜드명 :와인25플러스,"""샴페인"" 찰스하이직 로제 리저브 NV",155000,,,70.0,,https://gift.kakao.com/product/10932243
와인/양주/전통주,와인,,10만원~,브랜드명 :와인25플러스,"""레드와인"" 라 리오하 알타 그란리제르바 904 2015",180000,,,23.0,,https://gift.kakao.com/product/11363679
와인/양주/전통주,와인,,10만원~,브랜드명 :와인25플러스,"""레드와인"" 토레스)장레옹 그랑 리제르바 2000",150000,,,39.0,,https://gift.kakao.com/product/11205527
와인/양주/전통주,와인,,10만원~,브랜드명 :와인25플러스,"""레드와인"" 토마시 카 플로리안 아마로네 델라 발폴리첼라 클라시코 리제르바 DOCG",125000,,,233.0,,https://gift.kakao.com/product/9667420
와인/양주/전통주,와인,,10만원~,브랜드명 :와인25플러스,"""샴페인"" 파이퍼하이직 레어 로제14",620000,,,151.0,,https://gift.kakao.com/product/10878841
와인/양주/전통주,와인,,10만원~,브랜드명 :와인25플러스,"""스파클링와인"" 로랑페리에 로제 스페셜에디션",220000,,,197.0,,https://gift.kakao.com/product/9813119
와인/양주/전통주,와인,,10만원~,브랜드명 :와인25플러스,"""샴페인"" 어니스트 레미 브뤼 그랑크뤼",109000,,,26.0,,https://gift.kakao.com/product/10932186
와인/양주/전통주,와인,,10만원~,브랜드명 :와인25플러스,"""레드와인"" 라 리오하 알타 그란리제르바 890 2010",398000,,,10.0,,https://gift.kakao.com/product/11363678
와인/양주/전통주,와인,,10만원~,브랜드명 :와인25플러스,"""스파클링와인"" 고세 엑스트라 브륏",93000,,,40.0,,https://gift.kakao.com/product/10191868
와인/양주/전통주,와인,,10만원~,브랜드명 :와인25플러스,"""레드와인"" 지허 인텐스 + 그라바스 델 마이포 까베르네소비뇽",199900,,,76.0,,https://gift.kakao.com/product/10584262
와인/양주/전통주,와인,,10만원~,브랜드명 :와인25플러스,"""화이트와인"" 샤또 리외섹 2019",219900,,,137.0,,https://gift.kakao.com/product/9710739
와인/양주/전통주,와인,,10만원~,브랜드명 :와인25플러스,"""레드와인"" 코노수르 오씨오 피노누아",129000,,,71.0,,https://gift.kakao.com/product/9670590
와인/양주/전통주,와인,,10만원~,브랜드명 :와인25플러스,"""레드와인"" 운두라가 알타조르",100000,,,27.0,,https://gift.kakao.com/product/9670589
와인/양주/전통주,와인,,10만원~,브랜드명 :와인25플러스,"""샴페인"" 어니스트 레미 밀레짐 그랑크뤼",140000,,,16.0,,https://gift.kakao.com/product/10932187
와인/양주/전통주,와인,,10만원~,브랜드명 :와인25플러스,"""샴페인"" 볼렝져 로제",210000,,,66.0,,https://gift.kakao.com/product/10931549
와인/양주/전통주,와인,,10만원~,브랜드명 :와인25플러스,"""레드와인"" 몬테스 알파 엠",139000,,,97.0,,https://gift.kakao.com/product/9667467
와인/양주/전통주,와인,,10만원~,브랜드명 :와인25플러스,"""스파클링와인"" 장테 팡시오 사비니 레 본",120000,,,71.0,,https://gift.kakao.com/product/9667459
와인/양주/전통주,와인,,10만원~,브랜드명 :와인25플러스,"""추천와인"" 미국와인세트(캠브리아 줄리아 피노&샤도)",110000,,,30.0,,https://gift.kakao.com/product/9667196
와인/양주/전통주,와인,,10만원~,브랜드명 :와인25플러스,"""화이트와인"" 지허 인텐스 + 펜폴즈 맥스 샤르도네",155800,,,29.0,,https://gift.kakao.com/product/10584263
와인/양주/전통주,와인,,10만원~,브랜드명 :와인25플러스,"""샴페인"" 찰스하이직 브륏 밀레짐 2013",220000,,,75.0,,https://gift.kakao.com/product/10932245
와인/양주/전통주,와인,,10만원~,브랜드명 :와인25플러스,"""스파클링와인"" 브랑켄 드모아젤 라 파리지앵 로제 밀레짐",152800,,,64.0,,https://gift.kakao.com/product/9660106
와인/양주/전통주,와인,,10만원~,브랜드명 :와인25플러스,"""화이트와인"" 슐로스 요하니스베르그 그륜락 슈페틀레제",100000,,,48.0,,https://gift.kakao.com/product/10096870
와인/양주/전통주,와인,,10만원~,브랜드명 :와인25플러스,"""레드와인"" 르 리쉬 리저브 까베르네 소비뇽",100000,,,65.0,,https://gift.kakao.com/product/9670585
와인/양주/전통주,와인,,10만원~,브랜드명 :와인25플러스,"""주정강화와인"" 달바 콜헤이타 포트와인 1991",113900,,,35.0,,https://gift.kakao.com/product/9838150
와인/양주/전통주,와인,,10만원~,브랜드명 :와인25플러스,"""샴페인"" 볼렝져 스페셜 뀌베 브뤼",119800,,,612.0,,https://gift.kakao.com/product/10233634
와인/양주/전통주,와인,,10만원~,브랜드명 :와인25플러스,"""레드와인"" 도멘 바로나크 빈토리오 에어레이터 기획",105000,,,16.0,,https://gift.kakao.com/product/10180727
와인/양주/전통주,와인,,10만원~,브랜드명 :와인25플러스,"""샴페인"" 볼렝져 PN AYC 18",220000,,,48.0,,https://gift.kakao.com/product/10931551
와인/양주/전통주,와인,,10만원~,브랜드명 :와인25플러스,"""주정강화와인"" 달바 100년간의 포트 와인 세트",199800,,,81.0,,https://gift.kakao.com/product/10166482
와인/양주/전통주,와인,,10만원~,브랜드명 :와인25플러스,"""레드와인"" 뛰느방 심포니 넘버3 에로이카 3L",175900,,,40.0,,https://gift.kakao.com/product/9667509
와인/양주/전통주,와인,,10만원~,브랜드명 :와인25플러스,"""레드와인"" 라포스톨 라 팔셀8 패키지",279000,,,29.0,,https://gift.kakao.com/product/10246376
와인/양주/전통주,와인,,10만원~,브랜드명 :와인25플러스,"""레드와인"" 라포스톨 끌로 아팔타 비노테크 패키지",430000,,,36.0,,https://gift.kakao.com/product/10246377
와인/양주/전통주,와인,,10만원~,브랜드명 :와인25플러스,"""샴페인"" 골든블랑 7스타 2013 빈티지 (퍼플)",1970000,,,196.0,,https://gift.kakao.com/product/10515788
와인/양주/전통주,와인,,10만원~,브랜드명 :와인25플러스,"""샴페인"" 골든블랑 7스타 2013 빈티지 (블루)",1970000,,,212.0,,https://gift.kakao.com/product/10515789
와인/양주/전통주,와인,,10만원~,브랜드명 :와인25플러스,"""샴페인"" 골든블랑 7스타 2013 빈티지 (그린)",1970000,,,156.0,,https://gift.kakao.com/product/10515790
와인/양주/전통주,와인,,10만원~,브랜드명 :와인25플러스,"""샴페인"" 볼렝져 PN VZ 19",240000,,,57.0,,https://gift.kakao.com/product/10932115
와인/양주/전통주,와인,,10만원~,브랜드명 :와인25플러스,"""샴페인"" 골든블랑 6스타 2015 빈티지 (그린)",490000,,,125.0,,https://gift.kakao.com/product/10515791
와인/양주/전통주,와인,,10만원~,브랜드명 :와인25플러스,"""샴페인"" 골든블랑 6스타 2015 빈티지 (블루)",490000,,,117.0,,https://gift.kakao.com/product/10515787
와인/양주/전통주,와인,,10만원~,브랜드명 :와인25플러스,"""화이트와인"" 루이미쉘 샤블리 1er Cru ""몬테 드 토네르""",102000,,,83.0,,https://gift.kakao.com/product/10747275
와인/양주/전통주,와인,,10만원~,브랜드명 :와인25플러스,"""화이트와인"" 타)샴페인 마이 엑스트라 브뤼",105000,,,9.0,,https://gift.kakao.com/product/10583178
와인/양주/전통주,와인,,10만원~,브랜드명 :와인25플러스,"""추천와인"" 캔달잭슨 그랑 리저브 샤르도네 + 카베르네소비뇽 세트",100000,,,152.0,,https://gift.kakao.com/product/10691805
와인/양주/전통주,와인,,10만원~,브랜드명 :와인25플러스,"""추천와인"" 캔달잭슨 그랑 리저브 샤르도네 + 잭슨 에스테이트 샤르도네 세트",118000,,,88.0,,https://gift.kakao.com/product/10696452
와인/양주/전통주,와인,,10만원~,브랜드명 :와인25플러스,"""추천와인"" 캔달잭슨 그랑 리저브 카베르네소비뇽 + 잭슨 에스테이트 샤르도네  세트",145000,,,52.0,,https://gift.kakao.com/product/10691806
와인/양주/전통주,와인,,10만원~,브랜드명 :와인25플러스,"""샴페인"" 볼렝져 그랑 아네 2015",395000,,,61.0,,https://gift.kakao.com/product/10931550
와인/양주/전통주,와인,,10만원~,브랜드명 :와인25플러스,"""추천와인"" 캔달잭슨 그랑 리저브 샤르도네 + 잭슨 에스테이트 카베르네소비뇽 세트",159000,,,50.0,,https://gift.kakao.com/product/10691872
와인/양주/전통주,와인,,10만원~,브랜드명 :와인25플러스,"""추천와인"" 잭슨 에스테이트 샤르도네 + 카베르네 소비뇽 세트",187000,,,39.0,,https://gift.kakao.com/product/10696469
와인/양주/전통주,와인,,10만원~,브랜드명 :와인25플러스,"""레드와인"" 칼드롤라 아만떼 NV(12입)",108000,,,20.0,,https://gift.kakao.com/product/11066789
와인/양주/전통주,와인,,10만원~,브랜드명 :와인25플러스,"""화이트와인"" 타)아델스하임 리본 스프링 샤르도네",138000,,,1.0,,https://gift.kakao.com/product/11949540
와인/양주/전통주,와인,,10만원~,브랜드명 :와인25플러스,"""화이트와인"" 러브블럭 말보로 쇼비뇽블랑 6본입",195000,,,,,https://gift.kakao.com/product/11927748
와인/양주/전통주,와인,,10만원~,브랜드명 :와인25플러스,"""스파클링와인"" 캬이에 르메르 퓌르 뮈니에",109000,,,,,https://gift.kakao.com/product/11983405
와인/양주/전통주,와인,,10만원~,브랜드명 :와인25플러스,"""로제와인"" 버나드 론클라스 로제 브뤼",169000,,,1.0,,https://gift.kakao.com/product/11983400
와인/양주/전통주,와인,,10만원~,브랜드명 :와인25플러스,"""스파클링와인"" 폴로져 브뤼 빈티지 2018",162500,,,3.0,,https://gift.kakao.com/product/11983403
와인/양주/전통주,와인,,10만원~,브랜드명 :와인25플러스,"""화이트와인"" 버나드 론클라스 꾸베 프레스티지 엑스트라 드라이",199000,,,1.0,,https://gift.kakao.com/product/11983399
와인/양주/전통주,양주,,~2만원대,브랜드명 :와인25플러스,타)디카이퍼 콰이페 700ml,29900,,,9.0,,https://gift.kakao.com/product/12042396
와인/양주/전통주,양주,,~2만원대,브랜드명 :와인25플러스,라벨5 700ml,25900,,,4.0,,https://gift.kakao.com/product/12056508
와인/양주/전통주,양주,,~2만원대,브랜드명 :와인25플러스,타)디카이퍼 트리플 섹 700ml,19500,,,4.0,,https://gift.kakao.com/product/12042397
와인/양주/전통주,양주,,~2만원대,브랜드명 :와인25플러스,더바나 보드카 50ml 12입,29800,,,4.0,,https://gift.kakao.com/product/12036219
와인/양주/전통주,양주,,~2만원대,브랜드명 :와인25플러스,쿼츠 700ml 하이볼잔패키지,25900,,,498.0,,https://gift.kakao.com/product/10861235
와인/양주/전통주,양주,,~2만원대,브랜드명 :와인25플러스,바카디 모히토 700ML,23400,,,1343.0,,https://gift.kakao.com/product/9671276
와인/양주/전통주,양주,,~2만원대,브랜드명 :와인25플러스,디카이퍼 멜론 700ML,22500,,,223.0,,https://gift.kakao.com/product/9671264
와인/양주/전통주,양주,,~2만원대,브랜드명 :와인25플러스,올드버지니아 오리지날 패키지 700ml,26800,,,76.0,,https://gift.kakao.com/product/10167733
와인/양주/전통주,양주,,~2만원대,브랜드명 :와인25플러스,스톨리 카라멜 추카솔카 패키지,44000,,,207.0,,https://gift.kakao.com/product/10715244
와인/양주/전통주,양주,,~2만원대,브랜드명 :와인25플러스,스미노프 그린애플 700ml,34000,,,133.0,,https://gift.kakao.com/product/10063245
와인/양주/전통주,양주,,~2만원대,브랜드명 :와인25플러스,까뮤 보더리 XO,396000,,,16.0,,https://gift.kakao.com/product/12026700
와인/양주/전통주,양주,,~2만원대,브랜드명 :와인25플러스,까뮤 보더리 VSOP,115000,,,12.0,,https://gift.kakao.com/product/12026699
와인/양주/전통주,양주,,~2만원대,브랜드명 :와인25플러스,프라팡 1270 700ml+ 잔증정,100000,,,54.0,,https://gift.kakao.com/product/10180630
와인/양주/전통주,양주,,~2만원대,브랜드명 :와인25플러스,프라팡 XO 시가 블렌드 700ml+잔증정,289000,,,50.0,,https://gift.kakao.com/product/10180633
와인/양주/전통주,양주,,~2만원대,브랜드명 :와인25플러스,프라팡 XO 샤또 퐁피뇨 700ml+잔증정,300000,,,77.0,,https://gift.kakao.com/product/10180634
와인/양주/전통주,양주,,~2만원대,브랜드명 :와인25플러스,키노비 테이스팅 패키지 (키노비200ml 3종),93500,,,28.0,,https://gift.kakao.com/product/10167721
와인/양주/전통주,양주,,~2만원대,브랜드명 :와인25플러스,불독 런던 드라이 진 750ml 전용잔 기획세트,35300,,,48.0,,https://gift.kakao.com/product/10167623
와인/양주/전통주,양주,,~2만원대,브랜드명 :와인25플러스,아카토리이 오리지널 진 700ml,65000,,,17.0,,https://gift.kakao.com/product/10230723
와인/양주/전통주,양주,,~2만원대,브랜드명 :와인25플러스,헨리 무니에 VSOP 700ml,59900,,,101.0,,https://gift.kakao.com/product/10356982
와인/양주/전통주,양주,,~2만원대,브랜드명 :와인25플러스,하인볼 꼬냑 세트,94900,,,7.0,,https://gift.kakao.com/product/10163475
와인/양주/전통주,양주,,~2만원대,브랜드명 :와인25플러스,휘틀리 보드카,37000,,,34.0,,https://gift.kakao.com/product/10582981
와인/양주/전통주,양주,,~2만원대,브랜드명 :와인25플러스,아이덴티티 보드카 핑크레몬에이드,86900,,,70.0,,https://gift.kakao.com/product/10455201
와인/양주/전통주,양주,,~2만원대,브랜드명 :와인25플러스,아이덴티티 베리 보드카,86900,,,43.0,,https://gift.kakao.com/product/10455202
와인/양주/전통주,양주,,~2만원대,브랜드명 :와인25플러스,프라팡 1270 350ml,69900,,,10.0,,https://gift.kakao.com/product/10582976
와인/양주/전통주,양주,,~2만원대,브랜드명 :와인25플러스,프라팡 15년 700ml+잔증정,239000,,,21.0,,https://gift.kakao.com/product/10582977
와인/양주/전통주,양주,,~2만원대,브랜드명 :와인25플러스,프라팡 밀레짐 1995 25년 숙성 700ml,439000,,,28.0,,https://gift.kakao.com/product/10582978
와인/양주/전통주,양주,,~2만원대,브랜드명 :와인25플러스,프라팡 밀레짐 1990 30년 숙성 700ml,489000,,,30.0,,https://gift.kakao.com/product/10582979
와인/양주/전통주,양주,,~2만원대,브랜드명 :와인25플러스,바카디 카르타 블랑카 750ML,21000,,,431.0,,https://gift.kakao.com/product/9671274
와인/양주/전통주,양주,,~2만원대,브랜드명 :와인25플러스,디카이퍼 트리플섹 700ML,22500,,,266.0,,https://gift.kakao.com/product/9671266
와인/양주/전통주,양주,,~2만원대,브랜드명 :와인25플러스,디카이퍼 카시스 700ML,22500,,,279.0,,https://gift.kakao.com/product/9671263
와인/양주/전통주,양주,,~2만원대,브랜드명 :와인25플러스,멜로우콘750ml+전용잔1개,22900,,,156.0,,https://gift.kakao.com/product/10167625
와인/양주/전통주,양주,,~2만원대,브랜드명 :와인25플러스,코파 패션 후루츠 마티니 750ml,19900,,,286.0,,https://gift.kakao.com/product/10047454
와인/양주/전통주,양주,,~2만원대,브랜드명 :와인25플러스,디카이퍼 블루큐라소 700ML,22500,,,382.0,,https://gift.kakao.com/product/9671262
와인/양주/전통주,양주,,~2만원대,브랜드명 :와인25플러스,코파 스트로베리 다이키리 750ml,19900,,,302.0,,https://gift.kakao.com/product/10047446
와인/양주/전통주,양주,,~2만원대,브랜드명 :와인25플러스,호세쿠엘보 마가리타 700ml 기획상품,29500,,,611.0,,https://gift.kakao.com/product/10163471
와인/양주/전통주,양주,,~2만원대,브랜드명 :와인25플러스,얼리타임즈 700ml,19900,,,34.0,,https://gift.kakao.com/product/10582989
와인/양주/전통주,양주,,~2만원대,브랜드명 :와인25플러스,더블유허니 450ml,25700,,,13.0,,https://gift.kakao.com/product/10732500
와인/양주/전통주,양주,,~2만원대,브랜드명 :와인25플러스,파쏘아,20900,,,32.0,,https://gift.kakao.com/product/10697746
와인/양주/전통주,양주,,~2만원대,브랜드명 :와인25플러스,더블유아이스 450ml,27900,,,13.0,,https://gift.kakao.com/product/10732501
와인/양주/전통주,양주,,~2만원대,브랜드명 :와인25플러스,윈저12년 온더락잔 기획팩키지,29900,,,156.0,,https://gift.kakao.com/product/10732197
와인/양주/전통주,양주,,~2만원대,브랜드명 :와인25플러스,호세쿠엘보 에스페샬 실버,39900,,,85.0,,https://gift.kakao.com/product/10582967
와인/양주/전통주,양주,,3~5만원대,브랜드명 :와인25플러스,커티삭 프로히비션 하이볼 잔 기획세트,39900,,,36.0,,https://gift.kakao.com/product/11953392
와인/양주/전통주,양주,,3~5만원대,브랜드명 :와인25플러스,타)주라 레드 와인 캐스크 700ml,41900,,,2.0,,https://gift.kakao.com/product/12075123
와인/양주/전통주,양주,,3~5만원대,브랜드명 :와인25플러스,25추석)조니워커블랙500ml세트,39900,,,46.0,,https://gift.kakao.com/product/12072017
와인/양주/전통주,양주,,3~5만원대,브랜드명 :와인25플러스,몽키숄더 700ml,58000,,,1972.0,,https://gift.kakao.com/product/11028637
와인/양주/전통주,양주,,3~5만원대,브랜드명 :와인25플러스,조니워커 블론드 700ml 써머패키지,32900,,,272.0,,https://gift.kakao.com/product/11998741
와인/양주/전통주,양주,,3~5만원대,브랜드명 :와인25플러스,생 제르맹 750ML+잔 증정,54900,,,13.0,,https://gift.kakao.com/product/12039274
와인/양주/전통주,양주,,3~5만원대,브랜드명 :와인25플러스,조니워커 블랙 12년 500ml 하이볼 글라스 패키지,39000,,,7361.0,,https://gift.kakao.com/product/9671253
와인/양주/전통주,양주,,3~5만원대,브랜드명 :와인25플러스,쏘하이볼위스키330ml*24입,59500,,,4.0,,https://gift.kakao.com/product/12062847
와인/양주/전통주,양주,,3~5만원대,브랜드명 :와인25플러스,탐나불린 저먼 피노누아 700ml,39900,,,1.0,,https://gift.kakao.com/product/12063934
와인/양주/전통주,양주,,3~5만원대,브랜드명 :와인25플러스,탐나불린 셰리캐스크,42900,,,4.0,,https://gift.kakao.com/product/12063937
와인/양주/전통주,양주,,3~5만원대,브랜드명 :와인25플러스,탐나불린 쇼비뇽블랑 700ml,39900,,,5.0,,https://gift.kakao.com/product/12063935
와인/양주/전통주,양주,,3~5만원대,브랜드명 :와인25플러스,플랜테이션 아일 오브 피지,56900,,,2.0,,https://gift.kakao.com/product/12036233
와인/양주/전통주,양주,,3~5만원대,브랜드명 :와인25플러스,딘스톤 버진오크,55000,,,2.0,,https://gift.kakao.com/product/12036217
와인/양주/전통주,양주,,3~5만원대,브랜드명 :와인25플러스,글렌 시엘 700ml 2본입 세트,35800,,,1.0,,https://gift.kakao.com/product/12036220
와인/양주/전통주,양주,,3~5만원대,브랜드명 :와인25플러스,제임슨 700ml X 레전드오브이미르 이벤트,39000,,,420.0,,https://gift.kakao.com/product/11171316
와인/양주/전통주,양주,,3~5만원대,브랜드명 :와인25플러스,발렌타인 10년 500ml,30000,,,2593.0,,https://gift.kakao.com/product/10914872
와인/양주/전통주,양주,,3~5만원대,브랜드명 :와인25플러스,듀어스 8년 캐리비안 스무스 700ml,47900,,,191.0,,https://gift.kakao.com/product/9671279
와인/양주/전통주,양주,,3~5만원대,브랜드명 :와인25플러스,[EVENT] 25년)코퍼독700ML세트,35800,,,165.0,,https://gift.kakao.com/product/10993417
와인/양주/전통주,양주,,3~5만원대,브랜드명 :와인25플러스,잭 다니엘스 700ml,46500,,,1149.0,,https://gift.kakao.com/product/9812904
와인/양주/전통주,양주,,3~5만원대,브랜드명 :와인25플러스,25년)윈저17년 선물 패키지,40000,,,158.0,,https://gift.kakao.com/product/11016734
와인/양주/전통주,양주,,3~5만원대,브랜드명 :와인25플러스,커티삭 프로히비션 글랜캐런 잔 기획세트,45500,,,1028.0,,https://gift.kakao.com/product/9888588
와인/양주/전통주,양주,,3~5만원대,브랜드명 :와인25플러스,잭 다니엘스 허니 700ml,46500,,,832.0,,https://gift.kakao.com/product/9812905
와인/양주/전통주,양주,,3~5만원대,브랜드명 :와인25플러스,글렌터너 헤리티지 더블캐스크 700ml,45500,,,92.0,,https://gift.kakao.com/product/10003161
와인/양주/전통주,양주,,3~5만원대,브랜드명 :와인25플러스,윈저17년 스윙글라스 기획팩키지,40000,,,44.0,,https://gift.kakao.com/product/10732198
와인/양주/전통주,양주,,3~5만원대,브랜드명 :와인25플러스,맥코넬스 700ml,59900,,,69.0,,https://gift.kakao.com/product/10124716
와인/양주/전통주,양주,,3~5만원대,브랜드명 :와인25플러스,스페이번 10년 700ml 하이볼 패키지,67900,,,88.0,,https://gift.kakao.com/product/10167729
와인/양주/전통주,양주,,3~5만원대,브랜드명 :와인25플러스,베일리스 700ml,36500,,,534.0,,https://gift.kakao.com/product/9637638
와인/양주/전통주,양주,,3~5만원대,브랜드명 :와인25플러스,코인트로 700ml,39900,,,164.0,,https://gift.kakao.com/product/9814179
와인/양주/전통주,양주,,3~5만원대,브랜드명 :와인25플러스,올드 포레스터 750ml 패키지,59100,,,33.0,,https://gift.kakao.com/product/10167727
와인/양주/전통주,양주,,3~5만원대,브랜드명 :와인25플러스,올드 버지니아 스무스 허니 하이볼 패키지,30800,,,45.0,,https://gift.kakao.com/product/10167720
와인/양주/전통주,양주,,3~5만원대,브랜드명 :와인25플러스,올드 버지니아 6년산 하이볼 패키지,33000,,,76.0,,https://gift.kakao.com/product/10167718
와인/양주/전통주,양주,,3~5만원대,브랜드명 :와인25플러스,스탬베코 티라미슈 700ml 전용잔 패키지,31500,,,103.0,,https://gift.kakao.com/product/10167712
와인/양주/전통주,양주,,3~5만원대,브랜드명 :와인25플러스,디카이퍼 피치트리 700ml 폴딩박스 패키지,38500,,,1792.0,,https://gift.kakao.com/product/9951129
와인/양주/전통주,양주,,3~5만원대,브랜드명 :와인25플러스,골든블루 다이아몬드 450ml 보냉백 패키지,48800,,,66.0,,https://gift.kakao.com/product/10163491
와인/양주/전통주,양주,,3~5만원대,브랜드명 :와인25플러스,잭다니엘스 375ml*2입 팩,54000,,,242.0,,https://gift.kakao.com/product/10200771
와인/양주/전통주,양주,,3~5만원대,브랜드명 :와인25플러스,윈저 17년 450ML 플라워 패키지,40000,,,143.0,,https://gift.kakao.com/product/10103056
와인/양주/전통주,양주,,3~5만원대,브랜드명 :와인25플러스,잭다니엘스 허니 375ml*2입 팩,54000,,,152.0,,https://gift.kakao.com/product/10197891
와인/양주/전통주,양주,,3~5만원대,브랜드명 :와인25플러스,시바스리갈 12년 500ml,42000,,,108.0,,https://gift.kakao.com/product/10143086
와인/양주/전통주,양주,,3~5만원대,브랜드명 :와인25플러스,캄파리 750ml,29800,,,86.0,,https://gift.kakao.com/product/10085628
와인/양주/전통주,양주,,3~5만원대,브랜드명 :와인25플러스,듀어스 12년 700ML,59000,,,211.0,,https://gift.kakao.com/product/9671280
와인/양주/전통주,양주,,3~5만원대,브랜드명 :와인25플러스,더블유17 450ml,46500,,,1.0,,https://gift.kakao.com/product/10732502
와인/양주/전통주,양주,,3~5만원대,브랜드명 :와인25플러스,다이센 와인 캐스크 700ml,47000,,,32.0,,https://gift.kakao.com/product/10764581
와인/양주/전통주,양주,,3~5만원대,브랜드명 :와인25플러스,마틴밀러스 진,42900,,,20.0,,https://gift.kakao.com/product/10697745
와인/양주/전통주,양주,,3~5만원대,브랜드명 :와인25플러스,생 제르맹 750ML,54900,,,289.0,,https://gift.kakao.com/product/9671277
와인/양주/전통주,양주,,3~5만원대,브랜드명 :와인25플러스,더블유19 450ml,55000,,,2.0,,https://gift.kakao.com/product/10732503
와인/양주/전통주,양주,,3~5만원대,브랜드명 :와인25플러스,25추석)조니워커블랙700ml세트,53900,,,22.0,,https://gift.kakao.com/product/12072016
와인/양주/전통주,양주,,3~5만원대,브랜드명 :와인25플러스,틸링 스몰배치 700ml,53000,,,,,https://gift.kakao.com/product/12075141
와인/양주/전통주,양주,,3~5만원대,브랜드명 :와인25플러스,프라팡 XO VIP 700ml,549000,,,98.0,,https://gift.kakao.com/product/10582980
와인/양주/전통주,양주,,3~5만원대,브랜드명 :와인25플러스,아라랏드빈 700ML,250000,,,2.0,,https://gift.kakao.com/product/11947401
와인/양주/전통주,양주,,6~9만원대,브랜드명 :와인25플러스,25추석)조니워커그린700ml세트,94000,,,22.0,,https://gift.kakao.com/product/12072012
와인/양주/전통주,양주,,6~9만원대,브랜드명 :와인25플러스,25추석)탈리스커10년700ml세트,79900,,,27.0,,https://gift.kakao.com/product/12072018
와인/양주/전통주,양주,,6~9만원대,브랜드명 :와인25플러스,25추석)조니워커골드750ml세트,77000,,,27.0,,https://gift.kakao.com/product/12072011
와인/양주/전통주,양주,,6~9만원대,브랜드명 :와인25플러스,25추석)조니워커블랙루비700ml세트,64900,,,35.0,,https://gift.kakao.com/product/12072014
와인/양주/전통주,양주,,6~9만원대,브랜드명 :와인25플러스,25추석)조니워커더블블랙700ml세트,62900,,,15.0,,https://gift.kakao.com/product/12072013
와인/양주/전통주,양주,,6~9만원대,브랜드명 :와인25플러스,싱글톤 더프타운 12년 700ml,52800,,,274.0,,https://gift.kakao.com/product/10954768
와인/양주/전통주,양주,,6~9만원대,브랜드명 :와인25플러스,달위니 15년 700ml,83000,,,282.0,,https://gift.kakao.com/product/11567093
와인/양주/전통주,양주,,6~9만원대,브랜드명 :와인25플러스,웨스트콕 아이리쉬팟스틸5YO 2본입세트,95000,,,1.0,,https://gift.kakao.com/product/12036227
와인/양주/전통주,양주,,6~9만원대,브랜드명 :와인25플러스,딘스톤 12년,89000,,,4.0,,https://gift.kakao.com/product/12036218
와인/양주/전통주,양주,,6~9만원대,브랜드명 :와인25플러스,생제임스VSOP 2본입세트,87900,,,2.0,,https://gift.kakao.com/product/12036222
와인/양주/전통주,양주,,6~9만원대,브랜드명 :와인25플러스,시바스리갈 12년 1L,77800,,,6.0,,https://gift.kakao.com/product/12032920
와인/양주/전통주,양주,,6~9만원대,브랜드명 :와인25플러스,웨스트콕 아이리쉬 포트캐스크 2본입세트,65000,,,2.0,,https://gift.kakao.com/product/12036226
와인/양주/전통주,양주,,6~9만원대,브랜드명 :와인25플러스,웨스트콕 아이리쉬칼바도스캐스크 2본입세트,65000,,,3.0,,https://gift.kakao.com/product/12036225
와인/양주/전통주,양주,,6~9만원대,브랜드명 :와인25플러스,제임슨 블랙배럴 700ml,63000,,,4.0,,https://gift.kakao.com/product/12033135
와인/양주/전통주,양주,,6~9만원대,브랜드명 :와인25플러스,시바스리갈 12년 700ml,60000,,,12.0,,https://gift.kakao.com/product/12032938
와인/양주/전통주,양주,,6~9만원대,브랜드명 :와인25플러스,25년)더 글렌리벳 12년 700ml 세트,115000,,,630.0,,https://gift.kakao.com/product/10914877
와인/양주/전통주,양주,,6~9만원대,브랜드명 :와인25플러스,25년)윈저21년 선물 패키지,83900,,,61.0,,https://gift.kakao.com/product/11016735
와인/양주/전통주,양주,,6~9만원대,브랜드명 :와인25플러스,돈훌리오 레포사도750ml,93500,,,255.0,,https://gift.kakao.com/product/10691414
와인/양주/전통주,양주,,6~9만원대,브랜드명 :와인25플러스,윈저 21년 플라워 패키지,83900,,,97.0,,https://gift.kakao.com/product/10919451
와인/양주/전통주,양주,,6~9만원대,브랜드명 :와인25플러스,인드리 싱글몰트 700ml,69000,,,91.0,,https://gift.kakao.com/product/10356983
와인/양주/전통주,양주,,6~9만원대,브랜드명 :와인25플러스,닛카 프롬 더 배럴 500ML,69800,,,27.0,,https://gift.kakao.com/product/12000678
와인/양주/전통주,양주,,6~9만원대,브랜드명 :와인25플러스,돈훌리오아녜호750ml,109000,,,129.0,,https://gift.kakao.com/product/10927168
와인/양주/전통주,양주,,6~9만원대,브랜드명 :와인25플러스,시바스리갈 15년 700ml,92000,,,281.0,,https://gift.kakao.com/product/9824533
와인/양주/전통주,양주,,6~9만원대,브랜드명 :와인25플러스,러셀 리저브 10년 750ml,97000,,,559.0,,https://gift.kakao.com/product/9882309
와인/양주/전통주,양주,,6~9만원대,브랜드명 :와인25플러스,글렌터너 12년 700ml,69000,,,41.0,,https://gift.kakao.com/product/10003162
와인/양주/전통주,양주,,6~9만원대,브랜드명 :와인25플러스,더 글렌그란트 10년 700ml,75000,,,486.0,,https://gift.kakao.com/product/9671271
와인/양주/전통주,양주,,6~9만원대,브랜드명 :와인25플러스,조니워커 그린 700ml 글렌캐런 증정,77000,,,3476.0,,https://gift.kakao.com/product/9814680
와인/양주/전통주,양주,,6~9만원대,브랜드명 :와인25플러스,시바스리갈 12년 1L,77800,,,139.0,,https://gift.kakao.com/product/9824532
와인/양주/전통주,양주,,6~9만원대,브랜드명 :와인25플러스,조니워커 골드 레이블 리저브 750ml,87000,,,605.0,,https://gift.kakao.com/product/9669963
와인/양주/전통주,양주,,6~9만원대,브랜드명 :와인25플러스,예거마이스터 미니어쳐(20ML*24입),75000,,,176.0,,https://gift.kakao.com/product/9671268
와인/양주/전통주,양주,,6~9만원대,브랜드명 :와인25플러스,젠틀맨 잭 700ml 패키지,68000,,,77.0,,https://gift.kakao.com/product/10167726
와인/양주/전통주,양주,,6~9만원대,브랜드명 :와인25플러스,주라10년 700ml 글라스패키지,44900,,,71.0,,https://gift.kakao.com/product/10167706
와인/양주/전통주,양주,,6~9만원대,브랜드명 :와인25플러스,디사론노 미니어쳐(50ML*20입),81500,,,132.0,,https://gift.kakao.com/product/9671267
와인/양주/전통주,양주,,6~9만원대,브랜드명 :와인25플러스,더 글렌리벳 12년 700ml (잔증정),115000,,,553.0,,https://gift.kakao.com/product/9669983
와인/양주/전통주,양주,,6~9만원대,브랜드명 :와인25플러스,더 글렌리벳 12년 700ml,115000,,,166.0,,https://gift.kakao.com/product/10163483
와인/양주/전통주,양주,,6~9만원대,브랜드명 :와인25플러스,발렌타인 12년 글렌버기 700ml,102000,,,419.0,,https://gift.kakao.com/product/10143085
와인/양주/전통주,양주,,6~9만원대,브랜드명 :와인25플러스,글렌피딕 12년 700ML,99000,,,1328.0,,https://gift.kakao.com/product/10370635
와인/양주/전통주,양주,,6~9만원대,브랜드명 :와인25플러스,글렌피딕 12년 쉐리 700ML,90000,,,1666.0,,https://gift.kakao.com/product/10370636
와인/양주/전통주,양주,,6~9만원대,브랜드명 :와인25플러스,캄파리 네그로니 키트 패키지,86000,,,61.0,,https://gift.kakao.com/product/10167698
와인/양주/전통주,양주,,6~9만원대,브랜드명 :와인25플러스,베어허그 2입 세트,88000,,,16.0,,https://gift.kakao.com/product/10251874
와인/양주/전통주,양주,,6~9만원대,브랜드명 :와인25플러스,조니워커 더블블랙 700ml,60900,,,1319.0,,https://gift.kakao.com/product/9669962
와인/양주/전통주,양주,,6~9만원대,브랜드명 :와인25플러스,조니워커 골드 750ml 선물세트,69000,,,796.0,,https://gift.kakao.com/product/10846386
와인/양주/전통주,양주,,6~9만원대,브랜드명 :와인25플러스,벤로막 오가닉 2014,79000,,,80.0,,https://gift.kakao.com/product/10582984
와인/양주/전통주,양주,,6~9만원대,브랜드명 :와인25플러스,아이덴티티 블랑코,110000,,,20.0,,https://gift.kakao.com/product/10455197
와인/양주/전통주,양주,,6~9만원대,브랜드명 :와인25플러스,아이덴티티 레포사도,115000,,,25.0,,https://gift.kakao.com/product/10455198
와인/양주/전통주,양주,,6~9만원대,브랜드명 :와인25플러스,사가모어 시그니처 라이,99000,,,14.0,,https://gift.kakao.com/product/10717350
와인/양주/전통주,양주,,6~9만원대,브랜드명 :와인25플러스,벤로막 10년 700ml,95000,,,8.0,,https://gift.kakao.com/product/11932549
와인/양주/전통주,양주,,6~9만원대,브랜드명 :와인25플러스,조니워커 블랙 루비 700ml 바이알 병(2ea) 패키지,64800,,,131.0,,https://gift.kakao.com/product/11979004
와인/양주/전통주,양주,,6~9만원대,브랜드명 :와인25플러스,25추석)조니워커블랙1L세트,75800,,,10.0,,https://gift.kakao.com/product/12072015
와인/양주/전통주,양주,,6~9만원대,브랜드명 :와인25플러스,틸링 싱글몰트 700ml,74200,,,,,https://gift.kakao.com/product/12075142
와인/양주/전통주,양주,,10만원대,브랜드명 :와인25플러스,25추석)조니워커XR21년750ml세트,184000,,,18.0,,https://gift.kakao.com/product/12072009
와인/양주/전통주,양주,,10만원대,브랜드명 :와인25플러스,25추석)조니워커18년750ml세트,169000,,,11.0,,https://gift.kakao.com/product/12072010
와인/양주/전통주,양주,,10만원대,브랜드명 :와인25플러스,25추석)라가불린16년700ml세트,155000,,,21.0,,https://gift.kakao.com/product/12072019
와인/양주/전통주,양주,,10만원대,브랜드명 :와인25플러스,25추석)오반14년700ml세트,129000,,,14.0,,https://gift.kakao.com/product/12072020
와인/양주/전통주,양주,,10만원대,브랜드명 :와인25플러스,조니워커 18년 750ml,134000,,,22.0,,https://gift.kakao.com/product/12036502
와인/양주/전통주,양주,,10만원대,브랜드명 :와인25플러스,브렌 프렌치 싱글몰트위스키 2본입세트,130000,,,3.0,,https://gift.kakao.com/product/12036232
와인/양주/전통주,양주,,10만원대,브랜드명 :와인25플러스,생제임스XO 2본입세트,170000,,,2.0,,https://gift.kakao.com/product/12036221
와인/양주/전통주,양주,,10만원대,브랜드명 :와인25플러스,퓨라이위스키 2본입세트,150000,,,2.0,,https://gift.kakao.com/product/12036228
와인/양주/전통주,양주,,10만원대,브랜드명 :와인25플러스,달모어 12년 700ml,129000,,,15.0,,https://gift.kakao.com/product/12063936
와인/양주/전통주,양주,,10만원대,브랜드명 :와인25플러스,퓨스피릿에잇임모탈티 2본입세트,150000,,,2.0,,https://gift.kakao.com/product/12036230
와인/양주/전통주,양주,,10만원대,브랜드명 :와인25플러스,웨스트콕 아이리쉬싱글몰트7YO 2본입세트,145000,,,2.0,,https://gift.kakao.com/product/12036224
와인/양주/전통주,양주,,10만원대,브랜드명 :와인25플러스,퓨버번위스키 2본입세트,135000,,,5.0,,https://gift.kakao.com/product/12036229
와인/양주/전통주,양주,,10만원대,브랜드명 :와인25플러스,기원 유니콘 700ML,118800,,,69.0,,https://gift.kakao.com/product/11469228
와인/양주/전통주,양주,,10만원대,브랜드명 :와인25플러스,싱글톤 더프타운 15년 700ml,108000,,,224.0,,https://gift.kakao.com/product/10954769
와인/양주/전통주,양주,,10만원대,브랜드명 :와인25플러스,싱글톤 더프타운 18년 700ml,210000,,,80.0,,https://gift.kakao.com/product/10954770
와인/양주/전통주,양주,,10만원대,브랜드명 :와인25플러스,카이요 재패니즈 미즈나라 시그니처 700ml,149000,,,77.0,,https://gift.kakao.com/product/10225064
와인/양주/전통주,양주,,10만원대,브랜드명 :와인25플러스,후지산로쿠 시그니쳐 블렌드 700ml,132000,,,317.0,,https://gift.kakao.com/product/10014820
와인/양주/전통주,양주,,10만원대,브랜드명 :와인25플러스,위도우제인 10년 750ml 전용 플라스크 기획,150000,,,72.0,,https://gift.kakao.com/product/10167628
와인/양주/전통주,양주,,10만원대,브랜드명 :와인25플러스,라세이 시그니처 700ml,90000,,,151.0,,https://gift.kakao.com/product/10181674
와인/양주/전통주,양주,,10만원대,브랜드명 :와인25플러스,더 레이크 더 원 파인 블렌디드 700ml+글라스2P 기획,100000,,,25.0,,https://gift.kakao.com/product/10181865
와인/양주/전통주,양주,,10만원대,브랜드명 :와인25플러스,더 레이크 레스페베르 700ml,150000,,,45.0,,https://gift.kakao.com/product/10180619
와인/양주/전통주,양주,,10만원대,브랜드명 :와인25플러스,더 레이크 카이로스 700ml,159000,,,27.0,,https://gift.kakao.com/product/10180618
와인/양주/전통주,양주,,10만원대,브랜드명 :와인25플러스,1800 크리스탈리노 750ml 기획세트,123400,,,148.0,,https://gift.kakao.com/product/10167631
와인/양주/전통주,양주,,10만원대,브랜드명 :와인25플러스,카발란 트리플 쉐리 700ml,210000,,,612.0,,https://gift.kakao.com/product/10153423
와인/양주/전통주,양주,,10만원대,브랜드명 :와인25플러스,이글레어 골프공 패키지,109000,,,80.0,,https://gift.kakao.com/product/9817952
와인/양주/전통주,양주,,10만원대,브랜드명 :와인25플러스,발베니 12년 700ml,102000,,,7657.0,,https://gift.kakao.com/product/10370639
와인/양주/전통주,양주,,10만원대,브랜드명 :와인25플러스,글렌피딕 15년 700ML,126000,,,3690.0,,https://gift.kakao.com/product/10370637
와인/양주/전통주,양주,,10만원대,브랜드명 :와인25플러스,발베니 14년 700ml,144000,,,4692.0,,https://gift.kakao.com/product/10370640
와인/양주/전통주,양주,,10만원대,브랜드명 :와인25플러스,글렌피딕 18년 700ML,241000,,,1080.0,,https://gift.kakao.com/product/10370638
와인/양주/전통주,양주,,10만원대,브랜드명 :와인25플러스,카발란 클래식 700ml,139900,,,263.0,,https://gift.kakao.com/product/10153422
와인/양주/전통주,양주,,10만원대,브랜드명 :와인25플러스,발렌타인 15년 글렌버기 700ml,147000,,,480.0,,https://gift.kakao.com/product/10163484
와인/양주/전통주,양주,,10만원대,브랜드명 :와인25플러스,818 데킬라 레포사도,145000,,,386.0,,https://gift.kakao.com/product/10299594
와인/양주/전통주,양주,,10만원대,브랜드명 :와인25플러스,818 데킬라 블랑코,121000,,,361.0,,https://gift.kakao.com/product/10299593
와인/양주/전통주,양주,,10만원대,브랜드명 :와인25플러스,롯코산 미즈나라 720ml,112000,,,29.0,,https://gift.kakao.com/product/10079780
와인/양주/전통주,양주,,10만원대,브랜드명 :와인25플러스,로크로몬드 12년 워터저그세트,95000,,,111.0,,https://gift.kakao.com/product/10251877
와인/양주/전통주,양주,,10만원대,브랜드명 :와인25플러스,인드리 캐스크 스트렝스 700ml,125000,,,40.0,,https://gift.kakao.com/product/10356984
와인/양주/전통주,양주,,10만원대,브랜드명 :와인25플러스,롯코산 미즈나라 피티드 720ml,112000,,,19.0,,https://gift.kakao.com/product/10079781
와인/양주/전통주,양주,,10만원대,브랜드명 :와인25플러스,글렌레어드 10년 기획패키지,167000,,,35.0,,https://gift.kakao.com/product/10729304
와인/양주/전통주,양주,,10만원대,브랜드명 :와인25플러스,하이코스트 티머 700ml,110000,,,7.0,,https://gift.kakao.com/product/10582983
와인/양주/전통주,양주,,10만원대,브랜드명 :와인25플러스,하이코스트 베르그 700ml,110000,,,16.0,,https://gift.kakao.com/product/10582982
와인/양주/전통주,양주,,10만원대,브랜드명 :와인25플러스,씨엔씨 뀌베 캐스크,118000,,,9.0,,https://gift.kakao.com/product/10455523
와인/양주/전통주,양주,,10만원대,브랜드명 :와인25플러스,씨엔씨 셰리 캐스크,118000,,,12.0,,https://gift.kakao.com/product/10455525
와인/양주/전통주,양주,,10만원대,브랜드명 :와인25플러스,기원 호랑이 700ml,118800,,,163.0,,https://gift.kakao.com/product/10804305
와인/양주/전통주,양주,,10만원대,브랜드명 :와인25플러스,아이덴티티 메즈칼,145900,,,30.0,,https://gift.kakao.com/product/10455200
와인/양주/전통주,양주,,10만원대,브랜드명 :와인25플러스,더 글렌드로낙 12년,119000,,,378.0,,https://gift.kakao.com/product/10582973
와인/양주/전통주,양주,,10만원대,브랜드명 :와인25플러스,쿠라요시 싱글몰트 위스키 700ml,99000,,,157.0,,https://gift.kakao.com/product/10764580
와인/양주/전통주,양주,,10만원대,브랜드명 :와인25플러스,사가모어 더블오크,119000,,,8.0,,https://gift.kakao.com/product/10717352
와인/양주/전통주,양주,,10만원대,브랜드명 :와인25플러스,벤로막 버진오크 2013,100000,,,74.0,,https://gift.kakao.com/product/10712140
와인/양주/전통주,양주,,10만원대,브랜드명 :와인25플러스,아이덴티티 아네호,189700,,,31.0,,https://gift.kakao.com/product/10455199
와인/양주/전통주,양주,,10만원대,브랜드명 :와인25플러스,더 레이크 리저브 No.6 700ml,165000,,,50.0,,https://gift.kakao.com/product/10180625
와인/양주/전통주,양주,,10만원대,브랜드명 :와인25플러스,올드캐슬700m 12입,149000,,,8.0,,https://gift.kakao.com/product/10582990
와인/양주/전통주,양주,,10만원대,브랜드명 :와인25플러스,사가모어 캐스크스트랭스,149000,,,12.0,,https://gift.kakao.com/product/10717353
와인/양주/전통주,양주,,10만원대,브랜드명 :와인25플러스,더 레이크 리저브 No.7 700ml,165000,,,37.0,,https://gift.kakao.com/product/10180628
와인/양주/전통주,양주,,10만원대,브랜드명 :와인25플러스,더 레이크 이쿼녹스 700ml,169000,,,37.0,,https://gift.kakao.com/product/10180616
와인/양주/전통주,양주,,10만원대,브랜드명 :와인25플러스,알프레드 지로 호라이즌,159000,,,11.0,,https://gift.kakao.com/product/10697743
와인/양주/전통주,양주,,10만원대,브랜드명 :와인25플러스,스페이번 15Y 700ML,304000,,,8.0,,https://gift.kakao.com/product/10732495
와인/양주/전통주,양주,,10만원대,브랜드명 :와인25플러스,글렌파클라스 105 700ML,172000,,,18.0,,https://gift.kakao.com/product/11942563
와인/양주/전통주,양주,,10만원대,브랜드명 :와인25플러스,와일드터키 레어브리드 라이 750ml,123000,,,38.0,,https://gift.kakao.com/product/11940769
와인/양주/전통주,양주,,10만원대,브랜드명 :와인25플러스,딘스톤 18년,229000,,,,,https://gift.kakao.com/product/11968887
와인/양주/전통주,양주,,10만원대,브랜드명 :와인25플러스,고든앤맥패일 디스커버리 오크로스크10년,149000,,,2.0,,https://gift.kakao.com/product/11966057
와인/양주/전통주,양주,,20만원이상,브랜드명 :와인25플러스,더 글렌그란트 65년,75000000,,,53.0,,https://gift.kakao.com/product/12072007
와인/양주/전통주,양주,,20만원이상,브랜드명 :와인25플러스,25추석)조니워커블루750ml세트,329000,,,71.0,,https://gift.kakao.com/product/12072008
와인/양주/전통주,양주,,20만원이상,브랜드명 :와인25플러스,브렌 10YO 2본입세트,230000,,,1.0,,https://gift.kakao.com/product/12036231
와인/양주/전통주,양주,,20만원이상,브랜드명 :와인25플러스,조니워커블루500ml글렌캐런잔증정,225000,,,7074.0,,https://gift.kakao.com/product/10304768
와인/양주/전통주,양주,,20만원이상,브랜드명 :와인25플러스,부나하벤 25년,1380000,,,7.0,,https://gift.kakao.com/product/12061473
와인/양주/전통주,양주,,20만원이상,브랜드명 :와인25플러스,부나하벤 23년 트리플 쉐리,1200000,,,4.0,,https://gift.kakao.com/product/12061472
와인/양주/전통주,양주,,20만원이상,브랜드명 :와인25플러스,부나하벤 15년 투라스 마 넘버 원,490000,,,2.0,,https://gift.kakao.com/product/12061471
와인/양주/전통주,양주,,20만원이상,브랜드명 :와인25플러스,부나하벤 14년 루비포트,340000,,,4.0,,https://gift.kakao.com/product/12061470
와인/양주/전통주,양주,,20만원이상,브랜드명 :와인25플러스,발베니 16년 프렌치오크 700ml,280000,,,2254.0,,https://gift.kakao.com/product/10582991
와인/양주/전통주,양주,,20만원이상,브랜드명 :와인25플러스,맥캘란 15년 더블캐스크,229000,,,748.0,,https://gift.kakao.com/product/10643128
와인/양주/전통주,양주,,20만원이상,브랜드명 :와인25플러스,글렌알라키 15년 700ml(Rebranded),199000,,,361.0,,https://gift.kakao.com/product/9814177
와인/양주/전통주,양주,,20만원이상,브랜드명 :와인25플러스,글렌레어드 12년 기획패키지,215000,,,67.0,,https://gift.kakao.com/product/10729305
와인/양주/전통주,양주,,20만원이상,브랜드명 :와인25플러스,더 글렌그란트 18년 700ml,252000,,,346.0,,https://gift.kakao.com/product/9712450
와인/양주/전통주,양주,,20만원이상,브랜드명 :와인25플러스,올트모어 18년 700ML,299000,,,212.0,,https://gift.kakao.com/product/9671282
와인/양주/전통주,양주,,20만원이상,브랜드명 :와인25플러스,맥캘란 하모니컬렉션 앰버매도우,429000,,,155.0,,https://gift.kakao.com/product/10643132
와인/양주/전통주,양주,,20만원이상,브랜드명 :와인25플러스,더 글렌그란트 25년 700ml,1000000,,,242.0,,https://gift.kakao.com/product/10130541
와인/양주/전통주,양주,,20만원이상,브랜드명 :와인25플러스,카발란 솔리스트 비노바리끄 700ml,310000,,,826.0,,https://gift.kakao.com/product/10091093
와인/양주/전통주,양주,,20만원이상,브랜드명 :와인25플러스,달모어 18년 700ml,549000,,,452.0,,https://gift.kakao.com/product/9878314
와인/양주/전통주,양주,,20만원이상,브랜드명 :와인25플러스,달모어 킹 알렉산더 3세 700ml,598000,,,535.0,,https://gift.kakao.com/product/9878312
와인/양주/전통주,양주,,20만원이상,브랜드명 :와인25플러스,아벨라워 14년 700ml,209400,,,117.0,,https://gift.kakao.com/product/9669989
와인/양주/전통주,양주,,20만원이상,브랜드명 :와인25플러스,맥캘란 레어캐스크,489000,,,374.0,,https://gift.kakao.com/product/10643131
와인/양주/전통주,양주,,20만원이상,브랜드명 :와인25플러스,818 데킬라 아네호,216000,,,204.0,,https://gift.kakao.com/product/10299595
와인/양주/전통주,양주,,20만원이상,브랜드명 :와인25플러스,맥캘란 18년 더블캐스크,489000,,,242.0,,https://gift.kakao.com/product/10643129
와인/양주/전통주,양주,,20만원이상,브랜드명 :와인25플러스,818 데킬라 에잇리저브,772000,,,158.0,,https://gift.kakao.com/product/10299597
와인/양주/전통주,양주,,20만원이상,브랜드명 :와인25플러스,글렌피딕 21년 그랑레제르바 700ML,360000,,,544.0,,https://gift.kakao.com/product/10463389
와인/양주/전통주,양주,,20만원이상,브랜드명 :와인25플러스,발베니 21년 포트우드 700ml,520000,,,1178.0,,https://gift.kakao.com/product/10582992
와인/양주/전통주,양주,,20만원이상,브랜드명 :와인25플러스,글렌피딕 23년 그랑크루 700ML,590000,,,579.0,,https://gift.kakao.com/product/10463390
와인/양주/전통주,양주,,20만원이상,브랜드명 :와인25플러스,발베니 25년 700ml,1150000,,,1274.0,,https://gift.kakao.com/product/10582993
와인/양주/전통주,양주,,20만원이상,브랜드명 :와인25플러스,알프레드 지로 헤리티지,179000,,,23.0,,https://gift.kakao.com/product/10697741
와인/양주/전통주,양주,,20만원이상,브랜드명 :와인25플러스,젠틀맨스 컷 버번 글라스 패키지 750ml,219000,,,54.0,,https://gift.kakao.com/product/10582975
와인/양주/전통주,양주,,20만원이상,브랜드명 :와인25플러스,알프레드 지로 보야지,270000,,,18.0,,https://gift.kakao.com/product/10697744
와인/양주/전통주,양주,,20만원이상,브랜드명 :와인25플러스,알프레드 지로 하모니,330000,,,25.0,,https://gift.kakao.com/product/10697742
와인/양주/전통주,양주,,20만원이상,브랜드명 :와인25플러스,로얄살루트 26년 아마로네 캐스크 700ml,824000,,,650.0,,https://gift.kakao.com/product/10732494
와인/양주/전통주,양주,,20만원이상,브랜드명 :와인25플러스,브룩라디 블랙아트 11,1290000,,,69.0,,https://gift.kakao.com/product/10752483
와인/양주/전통주,양주,,20만원이상,브랜드명 :와인25플러스,더 글렌드로낙 캐스크 바틀링 1994 28년,1440000,,,147.0,,https://gift.kakao.com/product/10582969
와인/양주/전통주,양주,,20만원이상,브랜드명 :와인25플러스,더 글렌드로낙 캐스크 바틀링 1993 29년,1680000,,,274.0,,https://gift.kakao.com/product/10582970
와인/양주/전통주,양주,,20만원이상,브랜드명 :와인25플러스,돈훌리오1942/750ml,268000,,,98.0,,https://gift.kakao.com/product/10927169
와인/양주/전통주,양주,,20만원이상,브랜드명 :와인25플러스,와일드 무어 23년,290000,,,139.0,,https://gift.kakao.com/product/11028549
와인/양주/전통주,양주,,20만원이상,브랜드명 :와인25플러스,와일드 무어 30년,740000,,,117.0,,https://gift.kakao.com/product/11028550
와인/양주/전통주,양주,,20만원이상,브랜드명 :와인25플러스,글렌파클라스 더 패밀리 캐스크스 1997 S24 릴리즈 700ML,1250000,,,15.0,,https://gift.kakao.com/product/11942568
와인/양주/전통주,양주,,20만원이상,브랜드명 :와인25플러스,글렌파클라스 더 패밀리 캐스크스 2006 S24 릴리즈 700ML,650000,,,13.0,,https://gift.kakao.com/product/11942566
와인/양주/전통주,양주,,20만원이상,브랜드명 :와인25플러스,글렌파클라스 더 패밀리 캐스크스 2008 S24 릴리즈 700ML,590000,,,10.0,,https://gift.kakao.com/product/11942565
와인/양주/전통주,양주,,20만원이상,브랜드명 :와인25플러스,크리스티안 덜리 하이랜드 파크 18년,525000,,,5.0,,https://gift.kakao.com/product/11931976
와인/양주/전통주,양주,,20만원이상,브랜드명 :와인25플러스,산시바 쿨일라 16년,345000,,,2.0,,https://gift.kakao.com/product/11931974
와인/양주/전통주,양주,,20만원이상,브랜드명 :와인25플러스,산시바 니카라과 럼 20년,345000,,,1.0,,https://gift.kakao.com/product/11931975
와인/양주/전통주,양주,,20만원이상,브랜드명 :와인25플러스,글렌파클라스 15년 700ML,201500,,,17.0,,https://gift.kakao.com/product/11942564
와인/양주/전통주,맥주/기타,,~2만원대,브랜드명 :와인25플러스,한정판 LCK X 카스350ml 싱글팩,13800,,,89.0,,https://gift.kakao.com/product/12048564
와인/양주/전통주,맥주/기타,,~2만원대,브랜드명 :와인25플러스,임박특가)라들러청포도캔500ML*8입,7700,,,9.0,,https://gift.kakao.com/product/12075079
와인/양주/전통주,맥주/기타,,~2만원대,브랜드명 :와인25플러스,임박특가)라들러복숭아캔500ML*8입,7700,,,6.0,,https://gift.kakao.com/product/12075080
와인/양주/전통주,맥주/기타,,~2만원대,브랜드명 :와인25플러스,카스레몬7.0 전용잔 패키지,22000,,,26.0,,https://gift.kakao.com/product/12049043
와인/양주/전통주,맥주/기타,,~2만원대,브랜드명 :와인25플러스,바질샤워355ML*6입,22000,,,62.0,,https://gift.kakao.com/product/11682709
와인/양주/전통주,맥주/기타,,~2만원대,브랜드명 :와인25플러스,필스너우르켈500ML텀블러글라스,10000,,,244.0,,https://gift.kakao.com/product/11612989
와인/양주/전통주,맥주/기타,,~2만원대,브랜드명 :와인25플러스,산토리500ML*8캔+전용잔 2개,24000,,,884.0,,https://gift.kakao.com/product/11470000
와인/양주/전통주,맥주/기타,,~2만원대,브랜드명 :와인25플러스,스텔라 330ML*6병+큐피드챌리스2잔,18800,,,1126.0,,https://gift.kakao.com/product/11111140
와인/양주/전통주,맥주/기타,,~2만원대,브랜드명 :와인25플러스,1664블랑사파이어전용잔,58000,,,1.0,,https://gift.kakao.com/product/12049316
와인/양주/전통주,맥주/기타,,~2만원대,브랜드명 :와인25플러스,카구아 블랑&루즈 330ml + 전용잔,39800,,,238.0,,https://gift.kakao.com/product/10802244
와인/양주/전통주,맥주/기타,,~2만원대,브랜드명 :와인25플러스,에딩거헤페 500ml 8입 + 자기잔 2입 기획팩,21000,,,347.0,,https://gift.kakao.com/product/10740297
와인/양주/전통주,맥주/기타,,~2만원대,브랜드명 :와인25플러스,호가든500ML*8캔+250ML전용잔2개,23000,,,2079.0,,https://gift.kakao.com/product/9660135
와인/양주/전통주,맥주/기타,,~2만원대,브랜드명 :와인25플러스,시메이 그랑리저브 배럴 숙성 750ml 전용잔패키지,54600,,,113.0,,https://gift.kakao.com/product/10855100
와인/양주/전통주,맥주/기타,,~2만원대,브랜드명 :와인25플러스,카브루 IPA 500ml 24캔,72000,,,7.0,,https://gift.kakao.com/product/10714014
와인/양주/전통주,맥주/기타,,~2만원대,브랜드명 :와인25플러스,런던 프라이드 330ml 24병,64800,,,6.0,,https://gift.kakao.com/product/10796898
와인/양주/전통주,맥주/기타,,~2만원대,브랜드명 :와인25플러스,바이엔슈테판 비투스 (12입),73900,,,36.0,,https://gift.kakao.com/product/10799396
와인/양주/전통주,맥주/기타,,~2만원대,브랜드명 :와인25플러스,치란티츄 720ml (고구마소주),73000,,,1.0,,https://gift.kakao.com/product/12090494
와인/양주/전통주,맥주/기타,,~2만원대,브랜드명 :와인25플러스,코와쿠마 허니 리큐르 720ml,49900,,,,,https://gift.kakao.com/product/12076645
와인/양주/전통주,맥주/기타,,~2만원대,브랜드명 :와인25플러스,코와쿠마 블루베리 리큐르 720ml,49900,,,1.0,,https://gift.kakao.com/product/12076633
와인/양주/전통주,맥주/기타,,~2만원대,브랜드명 :와인25플러스,코와쿠마 커피 리큐르 720ml,49900,,,,,https://gift.kakao.com/product/12076598
와인/양주/전통주,맥주/기타,,~2만원대,브랜드명 :와인25플러스,명경지수 니혼노 나츠 준마이 720ml (여름 한정),52500,,,9.0,,https://gift.kakao.com/product/11939252
와인/양주/전통주,맥주/기타,,~2만원대,브랜드명 :와인25플러스,갓산 토쿠베츠 준마이 이즈모 720ml (강력 추천),46300,,,4.0,,https://gift.kakao.com/product/12061441
와인/양주/전통주,맥주/기타,,~2만원대,브랜드명 :와인25플러스,칸호쿠토 준마이 초카라구치 720ml 물고기 잔 기획세트 (선물추천),54900,,,35.0,,https://gift.kakao.com/product/12035509
와인/양주/전통주,맥주/기타,,~2만원대,브랜드명 :와인25플러스,칸호쿠토 카라구치 준마이 시비엔 720ml 물고기 잔 기획세트 (선물추천),59900,,,22.0,,https://gift.kakao.com/product/12035510
와인/양주/전통주,맥주/기타,,~2만원대,브랜드명 :와인25플러스,키호츠루 초카라구치 준마이 720ml 물고기 잔 기획세트 (선물추천),57900,,,10.0,,https://gift.kakao.com/product/12035512
와인/양주/전통주,맥주/기타,,~2만원대,브랜드명 :와인25플러스,아마부키 아이러브스시 720ml 물고기 잔 기획세트 (선물추천),60900,,,19.0,,https://gift.kakao.com/product/12035511
와인/양주/전통주,맥주/기타,,~2만원대,브랜드명 :와인25플러스,시치혼야리 스파클링 아와이부키 350ml (여름 한정),42900,,,9.0,,https://gift.kakao.com/product/11902559
와인/양주/전통주,맥주/기타,,~2만원대,브랜드명 :와인25플러스,아즈키 31년산 팥소주 720ml (추천),38000,,,7.0,,https://gift.kakao.com/product/11993059
와인/양주/전통주,맥주/기타,,~2만원대,브랜드명 :와인25플러스,바카이 쌀소주 720ml,32500,,,1.0,,https://gift.kakao.com/product/11993060
와인/양주/전통주,맥주/기타,,~2만원대,브랜드명 :와인25플러스,바카이 보리소주 720ml,32500,,,,,https://gift.kakao.com/product/11992946
와인/양주/전통주,맥주/기타,,~2만원대,브랜드명 :와인25플러스,난슈덴라쿠 고구마 소주 900ml,38000,,,11.0,,https://gift.kakao.com/product/11992882
와인/양주/전통주,맥주/기타,,~2만원대,브랜드명 :와인25플러스,센만초자 코모카부리 타루 300ml (수집가 추천),64500,,,18.0,,https://gift.kakao.com/product/11990624
와인/양주/전통주,맥주/기타,,~2만원대,브랜드명 :와인25플러스,준마이 북극곰의 눈물 720ml 도자기 잔 기획 세트 (선물추천),33400,,,2520.0,,https://gift.kakao.com/product/11789537
와인/양주/전통주,맥주/기타,,~2만원대,브랜드명 :와인25플러스,핫카이산 준마이 다이긴죠 유키무로 산넨죠조 720ml,115000,,,18.0,,https://gift.kakao.com/product/12007477
와인/양주/전통주,맥주/기타,,~2만원대,브랜드명 :와인25플러스,하쿠타케 유즈몽 300ml (2입),47900,,,7.0,,https://gift.kakao.com/product/12002388
와인/양주/전통주,맥주/기타,,~2만원대,브랜드명 :와인25플러스,여름의 만넨 고구마 소주 720ml,60000,,,24.0,,https://gift.kakao.com/product/12000638
와인/양주/전통주,맥주/기타,,~2만원대,브랜드명 :와인25플러스,한맥 464ml 12캔+엑스트라 크리미 생거품기,24900,,,2233.0,,https://gift.kakao.com/product/10876580
와인/양주/전통주,맥주/기타,,~2만원대,브랜드명 :와인25플러스,스텔라 500ml 8캔 챌리스잔 2입,22000,,,2447.0,,https://gift.kakao.com/product/10984765
와인/양주/전통주,맥주/기타,,~2만원대,브랜드명 :와인25플러스,한맥 350ml 12캔 + 전용잔 2입,20900,,,228.0,,https://gift.kakao.com/product/11044565
와인/양주/전통주,맥주/기타,,~2만원대,브랜드명 :와인25플러스,신선픽업)카스프레쉬350ML*24캔,32900,,,252.0,,https://gift.kakao.com/product/11666303
와인/양주/전통주,맥주/기타,,~2만원대,브랜드명 :와인25플러스,알레이소 6입 파티패키지,22900,,,170.0,,https://gift.kakao.com/product/10854969
와인/양주/전통주,맥주/기타,,~2만원대,브랜드명 :와인25플러스,스텔라500ML*6캔+잔+조리도구세트,20800,,,1424.0,,https://gift.kakao.com/product/9671179
와인/양주/전통주,맥주/기타,,~2만원대,브랜드명 :와인25플러스,스텔라500ML*6캔+잔+리유저블백,19800,,,773.0,,https://gift.kakao.com/product/9804076
와인/양주/전통주,맥주/기타,,~2만원대,브랜드명 :와인25플러스,미니 카스250ml * 24캔,32400,,,449.0,,https://gift.kakao.com/product/10455402
와인/양주/전통주,맥주/기타,,~2만원대,브랜드명 :와인25플러스,기네스 논알콜릭 440ml 24캔,30000,,,237.0,,https://gift.kakao.com/product/9871631
와인/양주/전통주,맥주/기타,,~2만원대,브랜드명 :와인25플러스,맥덕) 노스코스트 올드라스푸틴 355ml 4병,30500,,,150.0,,https://gift.kakao.com/product/10020841
와인/양주/전통주,맥주/기타,,~2만원대,브랜드명 :와인25플러스,괴즈 마리아주 파르페 750ml,22900,,,41.0,,https://gift.kakao.com/product/10004903
와인/양주/전통주,맥주/기타,,~2만원대,브랜드명 :와인25플러스,리프만 크릭브루 750ml,20500,,,29.0,,https://gift.kakao.com/product/9970996
와인/양주/전통주,맥주/기타,,~2만원대,브랜드명 :와인25플러스,스트라프 핸드릭 쿼드루펠 750ml,22900,,,40.0,,https://gift.kakao.com/product/10004905
와인/양주/전통주,맥주/기타,,~2만원대,브랜드명 :와인25플러스,본뵈 750ml,19900,,,31.0,,https://gift.kakao.com/product/10456068
와인/양주/전통주,맥주/기타,,~2만원대,브랜드명 :와인25플러스,리프만 구덴반트 750ml,20500,,,31.0,,https://gift.kakao.com/product/9970995
와인/양주/전통주,맥주/기타,,~2만원대,브랜드명 :와인25플러스,칭따오 논알콜릭캔 330ml 24캔,21800,,,12.0,,https://gift.kakao.com/product/9947837
와인/양주/전통주,맥주/기타,,~2만원대,브랜드명 :와인25플러스,오드 크릭분 750ml,26900,,,29.0,,https://gift.kakao.com/product/10004902
와인/양주/전통주,맥주/기타,,~2만원대,브랜드명 :와인25플러스,크릭 분 750ml,23000,,,32.0,,https://gift.kakao.com/product/10004901
와인/양주/전통주,맥주/기타,,~2만원대,브랜드명 :와인25플러스,세종듀퐁 750 ml,13900,,,36.0,,https://gift.kakao.com/product/10456071
와인/양주/전통주,맥주/기타,,~2만원대,브랜드명 :와인25플러스,미켈롭 울트라 330ml 6병,12900,,,81.0,,https://gift.kakao.com/product/10725322
와인/양주/전통주,맥주/기타,,~2만원대,브랜드명 :와인25플러스,모네트블론드750ML,17900,,,11.0,,https://gift.kakao.com/product/10456070
와인/양주/전통주,맥주/기타,,~2만원대,브랜드명 :와인25플러스,스트라프 핸드릭 트리펠 750ml,20000,,,37.0,,https://gift.kakao.com/product/10004904
와인/양주/전통주,맥주/기타,,~2만원대,브랜드명 :와인25플러스,한맥464ML*4캔*코스터1개,9900,,,11.0,,https://gift.kakao.com/product/11437023
와인/양주/전통주,맥주/기타,,~2만원대,브랜드명 :와인25플러스,스텔라500ML*4캔+챌리스1개,13000,,,140.0,,https://gift.kakao.com/product/11538197
와인/양주/전통주,맥주/기타,,~2만원대,브랜드명 :와인25플러스,기네스 나이트로서지 558ML*4캔,14800,,,104.0,,https://gift.kakao.com/product/11402366
와인/양주/전통주,맥주/기타,,~2만원대,브랜드명 :와인25플러스,바이엔슈테판 헤페&비투스330ML기획세트,19800,,,212.0,,https://gift.kakao.com/product/11560576
와인/양주/전통주,맥주/기타,,~2만원대,브랜드명 :와인25플러스,코젤다크&화이트 기프트세트 8입,21000,,,687.0,,https://gift.kakao.com/product/11192806
와인/양주/전통주,맥주/기타,,~2만원대,브랜드명 :와인25플러스,바이엔슈테판 헤페 잔 패키지(330ml*6+전용잔),21000,,,831.0,,https://gift.kakao.com/product/9637632
와인/양주/전통주,맥주/기타,,~2만원대,브랜드명 :와인25플러스,카스레몬스퀴즈500ml 8캔+전용잔,22000,,,153.0,,https://gift.kakao.com/product/11684320
와인/양주/전통주,맥주/기타,,~2만원대,브랜드명 :와인25플러스,버드와이저473ML*8캔+캔쿨러1개,22000,,,834.0,,https://gift.kakao.com/product/11264934
와인/양주/전통주,맥주/기타,,~2만원대,브랜드명 :와인25플러스,코젤 논알콜 500ml 24입,24000,,,58.0,,https://gift.kakao.com/product/9947840
와인/양주/전통주,맥주/기타,,~2만원대,브랜드명 :와인25플러스,곤드레필스너500ML*12입,35000,,,5.0,,https://gift.kakao.com/product/11616782
와인/양주/전통주,맥주/기타,,~2만원대,브랜드명 :와인25플러스,동강에일500ML*12입,35000,,,8.0,,https://gift.kakao.com/product/11616783
와인/양주/전통주,맥주/기타,,~2만원대,브랜드명 :와인25플러스,메나브레아제로330ML*4병,25000,,,3.0,,https://gift.kakao.com/product/11129509
와인/양주/전통주,맥주/기타,,~2만원대,브랜드명 :와인25플러스,헤비리프)벨벳언더브라운473ML*4입,19500,,,7.0,,https://gift.kakao.com/product/11270420
와인/양주/전통주,맥주/기타,,~2만원대,브랜드명 :와인25플러스,헤비리프)러닝라이엇IPA473ML*4,19500,,,7.0,,https://gift.kakao.com/product/11265471
와인/양주/전통주,맥주/기타,,~2만원대,브랜드명 :와인25플러스,헤비리프)러브건*4입,19500,,,4.0,,https://gift.kakao.com/product/11265470
와인/양주/전통주,맥주/기타,,~2만원대,브랜드명 :와인25플러스,코젤다크 330ml 24캔(캠핑추천),28000,,,201.0,,https://gift.kakao.com/product/10004497
와인/양주/전통주,맥주/기타,,~2만원대,브랜드명 :와인25플러스,필스너우르켈 330ml 24캔,44000,,,122.0,,https://gift.kakao.com/product/10004493
와인/양주/전통주,맥주/기타,,3~4만원,브랜드명 :와인25플러스,한정판 LCK X 카스350ml 트리플팩,39800,,,131.0,,https://gift.kakao.com/product/12048565
와인/양주/전통주,맥주/기타,,3~4만원,브랜드명 :와인25플러스,에비스 350ml 24캔,47500,,,179.0,,https://gift.kakao.com/product/9892223
와인/양주/전통주,맥주/기타,,3~4만원,브랜드명 :와인25플러스,칼스버그 500ml 24캔,53000,,,19.0,,https://gift.kakao.com/product/10972764
와인/양주/전통주,맥주/기타,,3~4만원,브랜드명 :와인25플러스,카프리 330ml 24병,40600,,,21.0,,https://gift.kakao.com/product/10889662
와인/양주/전통주,맥주/기타,,3~4만원,브랜드명 :와인25플러스,크러시 470ml 24입,37000,,,72.0,,https://gift.kakao.com/product/9947320
와인/양주/전통주,맥주/기타,,3~4만원,브랜드명 :와인25플러스,호피페일에일500ML*12입,35000,,,8.0,,https://gift.kakao.com/product/11616787
와인/양주/전통주,맥주/기타,,3~4만원,브랜드명 :와인25플러스,삿포로 350ml 24캔,44600,,,56.0,,https://gift.kakao.com/product/9892221
와인/양주/전통주,맥주/기타,,3~4만원,브랜드명 :와인25플러스,시메이 750ML 3종세트(레드+화이트+블루),44500,,,117.0,,https://gift.kakao.com/product/9892020
와인/양주/전통주,맥주/기타,,3~4만원,브랜드명 :와인25플러스,코젤다크 500ml 24캔,47500,,,119.0,,https://gift.kakao.com/product/10004494
와인/양주/전통주,맥주/기타,,3~4만원,브랜드명 :와인25플러스,복500ML*12입,38000,,,2.0,,https://gift.kakao.com/product/11616786
와인/양주/전통주,맥주/기타,,3~4만원,브랜드명 :와인25플러스,한맥 350ml 24캔,34500,,,61.0,,https://gift.kakao.com/product/9971006
와인/양주/전통주,맥주/기타,,3~4만원,브랜드명 :와인25플러스,아리랑IPA500ML*12입,38000,,,9.0,,https://gift.kakao.com/product/11616785
와인/양주/전통주,맥주/기타,,3~4만원,브랜드명 :와인25플러스,칭따오 330ml 24캔,40000,,,26.0,,https://gift.kakao.com/product/10004885
와인/양주/전통주,맥주/기타,,3~4만원,브랜드명 :와인25플러스,스텔라 330ml*24캔,44900,,,47.0,,https://gift.kakao.com/product/10242002
와인/양주/전통주,맥주/기타,,3~4만원,브랜드명 :와인25플러스,마인스타우트500ML*12입,38000,,,1.0,,https://gift.kakao.com/product/11616784
와인/양주/전통주,맥주/기타,,3~4만원,브랜드명 :와인25플러스,시메이 골드 330ml 6병,33400,,,33.0,,https://gift.kakao.com/product/9892211
와인/양주/전통주,맥주/기타,,3~4만원,브랜드명 :와인25플러스,맥덕) 시에라네바다 페일에일 6입,32500,,,84.0,,https://gift.kakao.com/product/9950445
와인/양주/전통주,맥주/기타,,3~4만원,브랜드명 :와인25플러스,파운더스 브랙퍼스트 스타우트 4입,30400,,,29.0,,https://gift.kakao.com/product/9971009
와인/양주/전통주,맥주/기타,,3~4만원,브랜드명 :와인25플러스,맥덕) 노스코스트 배럴에이지드 올드라스푸틴500ML,37900,,,56.0,,https://gift.kakao.com/product/9950446
와인/양주/전통주,맥주/기타,,3~4만원,브랜드명 :와인25플러스,리프만 크릭-구덴반트 패키지,35900,,,52.0,,https://gift.kakao.com/product/9970998
와인/양주/전통주,맥주/기타,,3~4만원,브랜드명 :와인25플러스,1664블랑 330ml 24캔,39800,,,25.0,,https://gift.kakao.com/product/9947364
와인/양주/전통주,맥주/기타,,3~4만원,브랜드명 :와인25플러스,제주 누보 논알콜355ml*24입,47000,,,28.0,,https://gift.kakao.com/product/9947839
와인/양주/전통주,맥주/기타,,3~4만원,브랜드명 :와인25플러스,리치몬드 라거 355ml 6입,30000,,,272.0,,https://gift.kakao.com/product/10416385
와인/양주/전통주,맥주/기타,,3~4만원,브랜드명 :와인25플러스,시메이 블루 330ml 6병,45000,,,31.0,,https://gift.kakao.com/product/9892214
와인/양주/전통주,맥주/기타,,3~4만원,브랜드명 :와인25플러스,맥덕) 파이어스톤워커 수카바&파라볼라기획,38000,,,44.0,,https://gift.kakao.com/product/10020839
와인/양주/전통주,맥주/기타,,3~4만원,브랜드명 :와인25플러스,베트남)사이공 스페셜330ML병*24입,49800,,,32.0,,https://gift.kakao.com/product/10180729
와인/양주/전통주,맥주/기타,,3~4만원,브랜드명 :와인25플러스,맥덕) 노스코스트 브라더 델로니우스 4입,36000,,,30.0,,https://gift.kakao.com/product/9950433
와인/양주/전통주,맥주/기타,,3~4만원,브랜드명 :와인25플러스,리프만 푸르트제 250ml 8병,30900,,,15.0,,https://gift.kakao.com/product/10004889
와인/양주/전통주,맥주/기타,,3~4만원,브랜드명 :와인25플러스,베트남)사이공 스페셜330ML캔*24입,39800,,,36.0,,https://gift.kakao.com/product/10180730
와인/양주/전통주,맥주/기타,,3~4만원,브랜드명 :와인25플러스,베트남 333맥주 330ML 캔*24입,39800,,,18.0,,https://gift.kakao.com/product/10180728
와인/양주/전통주,맥주/기타,,3~4만원,브랜드명 :와인25플러스,맥덕) 노스코스트 올드스탁 에일 셀러 리저브,40000,,,24.0,,https://gift.kakao.com/product/9950447
와인/양주/전통주,맥주/기타,,3~4만원,브랜드명 :와인25플러스,코젤 화이트 500ml 24캔,35000,,,52.0,,https://gift.kakao.com/product/10004498
와인/양주/전통주,맥주/기타,,3~4만원,브랜드명 :와인25플러스,시메이 레드 330ml 6병,40000,,,15.0,,https://gift.kakao.com/product/9892212
와인/양주/전통주,맥주/기타,,3~4만원,브랜드명 :와인25플러스,시메이 화이트 330ml 6병,41000,,,15.0,,https://gift.kakao.com/product/9892213
와인/양주/전통주,맥주/기타,,3~4만원,브랜드명 :와인25플러스,코젤라거 500ml 24캔,47600,,,22.0,,https://gift.kakao.com/product/10004495
와인/양주/전통주,맥주/기타,,3~4만원,브랜드명 :와인25플러스,카브루 로얄스타우트 500ml 24캔,49000,,,11.0,,https://gift.kakao.com/product/10714015
와인/양주/전통주,맥주/기타,,3~4만원,브랜드명 :와인25플러스,나나 하이볼 350ml 24입,50500,,,4.0,,https://gift.kakao.com/product/10004071
와인/양주/전통주,맥주/기타,,3~4만원,브랜드명 :와인25플러스,슬램마 & 마가리타 12본입,31000,,,12.0,,https://gift.kakao.com/product/10004890
와인/양주/전통주,맥주/기타,,3~4만원,브랜드명 :와인25플러스,부쿠 355ml 6입,33000,,,205.0,,https://gift.kakao.com/product/10416387
와인/양주/전통주,맥주/기타,,3~4만원,브랜드명 :와인25플러스,호기스)라즈베리드림 500ml 24캔,38000,,,14.0,,https://gift.kakao.com/product/10004888
와인/양주/전통주,맥주/기타,,3~4만원,브랜드명 :와인25플러스,베트남 비아하노이 330ml 24캔,39800,,,6.0,,https://gift.kakao.com/product/10697406
와인/양주/전통주,맥주/기타,,3~4만원,브랜드명 :와인25플러스,미켈롭 울트라 330ml 24병,49900,,,22.0,,https://gift.kakao.com/product/10660492
와인/양주/전통주,맥주/기타,,3~4만원,브랜드명 :와인25플러스,시메이4종 전용잔세트,32000,,,575.0,,https://gift.kakao.com/product/10033675
와인/양주/전통주,맥주/기타,,3~4만원,브랜드명 :와인25플러스,맥덕) 오스카블루스 데일스 페일에일 355ml 6캔,33300,,,13.0,,https://gift.kakao.com/product/10902215
와인/양주/전통주,맥주/기타,,3~4만원,브랜드명 :와인25플러스,맥덕) 노스코스트 블루스타 355ml 6입,33300,,,11.0,,https://gift.kakao.com/product/10891614
와인/양주/전통주,맥주/기타,,3~4만원,브랜드명 :와인25플러스,맥덕) 시가시티 하이알라이 355ml 6캔,33300,,,10.0,,https://gift.kakao.com/product/10902216
와인/양주/전통주,맥주/기타,,3~4만원,브랜드명 :와인25플러스,맥덕) 시가시티 마두로 355ML 6캔,33300,,,10.0,,https://gift.kakao.com/product/10902217
와인/양주/전통주,맥주/기타,,3~4만원,브랜드명 :와인25플러스,쿠퍼스)스타우트440ML캔*24입,52900,,,11.0,,https://gift.kakao.com/product/10161366
와인/양주/전통주,맥주/기타,,3~4만원,브랜드명 :와인25플러스,쿠퍼스)페일에일440ML캔*24입,52900,,,10.0,,https://gift.kakao.com/product/10161364
와인/양주/전통주,맥주/기타,,3~4만원,브랜드명 :와인25플러스,호기스)블루베리매직 500ml 24캔,29900,,,29.0,,https://gift.kakao.com/product/10741875
와인/양주/전통주,맥주/기타,,3~4만원,브랜드명 :와인25플러스,파운더스 백우드 배스타드 4입,43400,,,18.0,,https://gift.kakao.com/product/9971010
와인/양주/전통주,맥주/기타,,3~4만원,브랜드명 :와인25플러스,바르슈타이너 필스너 500ML*24캔,48000,,,12.0,,https://gift.kakao.com/product/9853508
와인/양주/전통주,맥주/기타,,3~4만원,브랜드명 :와인25플러스,페로니 330ml 24병,48000,,,30.0,,https://gift.kakao.com/product/10779727
와인/양주/전통주,맥주/기타,,3~4만원,브랜드명 :와인25플러스,필스너우르켈 330ml 24병,47800,,,44.0,,https://gift.kakao.com/product/10777088
와인/양주/전통주,맥주/기타,,3~4만원,브랜드명 :와인25플러스,데일스더블IPA355ML*6입,34800,,,8.0,,https://gift.kakao.com/product/11422798
와인/양주/전통주,맥주/기타,,3~4만원,브랜드명 :와인25플러스,파운더스솔리드골드6입,33000,,,9.0,,https://gift.kakao.com/product/11255798
와인/양주/전통주,맥주/기타,,3~4만원,브랜드명 :와인25플러스,유니언잭 IPA 355ml*6본,36400,,,8.0,,https://gift.kakao.com/product/11605371
와인/양주/전통주,맥주/기타,,3~4만원,브랜드명 :와인25플러스,고도)배츄하이 하이볼 350ML*24캔,39000,,,20.0,,https://gift.kakao.com/product/10532427
와인/양주/전통주,맥주/기타,,3~4만원,브랜드명 :와인25플러스,제주 위트 에일 500ml 24캔,58000,,,19.0,,https://gift.kakao.com/product/9970999
와인/양주/전통주,맥주/기타,,3~4만원,브랜드명 :와인25플러스,제주 펠롱 에일 500ml 24캔,58000,,,23.0,,https://gift.kakao.com/product/9971000
와인/양주/전통주,맥주/기타,,3~4만원,브랜드명 :와인25플러스,산미구엘 페일필젠 330ml 24입,44000,,,17.0,,https://gift.kakao.com/product/9892332
와인/양주/전통주,맥주/기타,,3~4만원,브랜드명 :와인25플러스,칭따오캔710ML*12입,39900,,,11.0,,https://gift.kakao.com/product/11481430
와인/양주/전통주,맥주/기타,,3~4만원,브랜드명 :와인25플러스,헤비리프)선데빌473ML*4입,44000,,,3.0,,https://gift.kakao.com/product/11270421
와인/양주/전통주,맥주/기타,,3~4만원,브랜드명 :와인25플러스,카스레몬스퀴즈355ml 24캔,44700,,,14.0,,https://gift.kakao.com/product/11684321
와인/양주/전통주,맥주/기타,,3~4만원,브랜드명 :와인25플러스,시치켄 스파클링 소라노 이로도리 360ml (여름 추천),56000,,,9.0,,https://gift.kakao.com/product/12000636
와인/양주/전통주,맥주/기타,,3~4만원,브랜드명 :와인25플러스,"록카센 스이카노 오사케 720ml (수박사케, 시즌한정)",50000,,,171.0,,https://gift.kakao.com/product/11824771
와인/양주/전통주,맥주/기타,,3~4만원,브랜드명 :와인25플러스,다이긴죠 쿠마쿠스 720ml (선물추천),56000,,,28.0,,https://gift.kakao.com/product/11669516
와인/양주/전통주,맥주/기타,,3~4만원,브랜드명 :와인25플러스,텐죠무겐 보노보노 준마이 720ml,32900,,,226.0,,https://gift.kakao.com/product/11611849
와인/양주/전통주,맥주/기타,,3~4만원,브랜드명 :와인25플러스,기쿠마사무네 시보리다떼 준마이 코우조,29000,,,4.0,,https://gift.kakao.com/product/11129585
와인/양주/전통주,맥주/기타,,3~4만원,브랜드명 :와인25플러스,기린잔 덴토 카라구치 720ml,42400,,,,,https://gift.kakao.com/product/11079565
와인/양주/전통주,맥주/기타,,3~4만원,브랜드명 :와인25플러스,준마이 다이긴죠 후지노 시라유키 720ml,77900,,,1.0,,https://gift.kakao.com/product/11901686
와인/양주/전통주,맥주/기타,,3~4만원,브랜드명 :와인25플러스,하쿠시카 호화 준마이 다이긴죠 천년수 기획세트 (선물추천),47500,,,182.0,,https://gift.kakao.com/product/11611853
와인/양주/전통주,맥주/기타,,3~4만원,브랜드명 :와인25플러스,한타바루 아와모리소주 1.8L (항아리),324900,,,87.0,,https://gift.kakao.com/product/9837977
와인/양주/전통주,맥주/기타,,3~4만원,브랜드명 :와인25플러스,시치켄 스파클링 사케 야마노 카스미 720ml,56900,,,42.0,,https://gift.kakao.com/product/11634841
와인/양주/전통주,맥주/기타,,3~4만원,브랜드명 :와인25플러스,효고 오토코야마 720ml,18900,,,24.0,,https://gift.kakao.com/product/10916972
와인/양주/전통주,맥주/기타,,5만원대,브랜드명 :와인25플러스,기네스 나이트로서지 기획팩(디바이스+4캔+전용잔),56500,,,1912.0,,https://gift.kakao.com/product/11319266
와인/양주/전통주,맥주/기타,,5만원대,브랜드명 :와인25플러스,아사히 쇼쿠사이 340ml * 24EA,58000,,,334.0,,https://gift.kakao.com/product/10607760
와인/양주/전통주,맥주/기타,,5만원대,브랜드명 :와인25플러스,카스 740ml 15캔,51900,,,99.0,,https://gift.kakao.com/product/10943407
와인/양주/전통주,맥주/기타,,5만원대,브랜드명 :와인25플러스,아사히 수퍼드라이 500ml 24캔,58000,,,228.0,,https://gift.kakao.com/product/9667517
와인/양주/전통주,맥주/기타,,5만원대,브랜드명 :와인25플러스,스텔라 740ml 15캔,54000,,,35.0,,https://gift.kakao.com/product/10860571
와인/양주/전통주,맥주/기타,,5만원대,브랜드명 :와인25플러스,버드와이저 740ml 15캔,54000,,,31.0,,https://gift.kakao.com/product/10943406
와인/양주/전통주,맥주/기타,,5만원대,브랜드명 :와인25플러스,골든라거500ML*24입,58000,,,4.0,,https://gift.kakao.com/product/11616788
와인/양주/전통주,맥주/기타,,5만원대,브랜드명 :와인25플러스,호오비덴 블랙 피닉스 준마이긴죠 720ml,68900,,,9.0,,https://gift.kakao.com/product/11079641
와인/양주/전통주,맥주/기타,,5만원대,브랜드명 :와인25플러스,키쿠스이 준마이 720ml (입문자 추천),17500,,,62.0,,https://gift.kakao.com/product/9824002
와인/양주/전통주,맥주/기타,,5만원대,브랜드명 :와인25플러스,키호츠루 준마이긴죠 야마다니시키 720ml,56000,,,6.0,,https://gift.kakao.com/product/10100283
와인/양주/전통주,맥주/기타,,5만원대,브랜드명 :와인25플러스,하쿠시카 토쿠베츠혼죠조 야마다니시키,27000,,,7.0,,https://gift.kakao.com/product/11129578
와인/양주/전통주,맥주/기타,,5만원대,브랜드명 :와인25플러스,하루시카 초카라구치 720ml,51000,,,,,https://gift.kakao.com/product/11921634
와인/양주/전통주,맥주/기타,,5만원대,브랜드명 :와인25플러스,준마이 다이긴죠 블랙 49 720ml (2입),128000,,,2.0,,https://gift.kakao.com/product/11845029
와인/양주/전통주,맥주/기타,,5만원대,브랜드명 :와인25플러스,"산젠 혼죠조 720ml 기획세트 (도쿠리, 잔 2개)",39900,,,155.0,,https://gift.kakao.com/product/11389928
와인/양주/전통주,맥주/기타,,5만원대,브랜드명 :와인25플러스,"하루노 이자나이 토쿠베츠 준마이 기획세트 (도쿠리, 잔)",47000,,,260.0,,https://gift.kakao.com/product/11441719
와인/양주/전통주,맥주/기타,,5만원대,브랜드명 :와인25플러스,키노에네 하나야카 준마이 긴죠 720ml (입문자 추천),41000,,,10.0,,https://gift.kakao.com/product/10051975
와인/양주/전통주,맥주/기타,,5만원대,브랜드명 :와인25플러스,산미구엘 페일필젠 320ML 24입,59400,,,199.0,,https://gift.kakao.com/product/9892331
와인/양주/전통주,맥주/기타,,5만원대,브랜드명 :와인25플러스,베트남 하노이 프리미엄 330ml 24병,49800,,,7.0,,https://gift.kakao.com/product/10855215
와인/양주/전통주,맥주/기타,,5만원대,브랜드명 :와인25플러스,한정기획)코젤 패밀리캔 500ml 24입,51800,,,55.0,,https://gift.kakao.com/product/10004499
와인/양주/전통주,맥주/기타,,5만원대,브랜드명 :와인25플러스,삿포로 500ml 24캔,55000,,,51.0,,https://gift.kakao.com/product/9892222
와인/양주/전통주,맥주/기타,,5만원대,브랜드명 :와인25플러스,에반윌리엄스 레몬 355ml*24캔,55500,,,35.0,,https://gift.kakao.com/product/10216821
와인/양주/전통주,맥주/기타,,5만원대,브랜드명 :와인25플러스,코로나 355ml 24병,51800,,,51.0,,https://gift.kakao.com/product/10076490
와인/양주/전통주,맥주/기타,,5만원대,브랜드명 :와인25플러스,에스트렐라 담 500ml 24캔,52800,,,31.0,,https://gift.kakao.com/product/9892330
와인/양주/전통주,맥주/기타,,5만원대,브랜드명 :와인25플러스,1664블랑 500ml 24캔,55000,,,40.0,,https://gift.kakao.com/product/9947363
와인/양주/전통주,맥주/기타,,5만원대,브랜드명 :와인25플러스,산토리 프리미엄 몰츠 500ml 24캔,59900,,,79.0,,https://gift.kakao.com/product/10073169
와인/양주/전통주,맥주/기타,,5만원대,브랜드명 :와인25플러스,맥덕) 노스코스트 배럴에이지드 올드라스푸틴 355ML*4병,52500,,,33.0,,https://gift.kakao.com/product/10301419
와인/양주/전통주,맥주/기타,,5만원대,브랜드명 :와인25플러스,타이거캔 500ML 박스(24입),54000,,,15.0,,https://gift.kakao.com/product/10041759
와인/양주/전통주,맥주/기타,,5만원대,브랜드명 :와인25플러스,타이거 라들러캔 500ml 24입,52000,,,18.0,,https://gift.kakao.com/product/10036746
와인/양주/전통주,맥주/기타,,5만원대,브랜드명 :와인25플러스,파울라너 바이스 500ml 24캔,55000,,,48.0,,https://gift.kakao.com/product/10004878
와인/양주/전통주,맥주/기타,,5만원대,브랜드명 :와인25플러스,에델바이스캔 500ML 박스(24입),58000,,,15.0,,https://gift.kakao.com/product/10041754
와인/양주/전통주,맥주/기타,,5만원대,브랜드명 :와인25플러스,경복궁 에일 500ml 24캔,58900,,,12.0,,https://gift.kakao.com/product/9971003
와인/양주/전통주,맥주/기타,,5만원대,브랜드명 :와인25플러스,에반윌리엄스 애플 355ml *24캔,55500,,,24.0,,https://gift.kakao.com/product/10216822
와인/양주/전통주,맥주/기타,,5만원대,브랜드명 :와인25플러스,칭따오 드래프트 500ml 24캔,54800,,,14.0,,https://gift.kakao.com/product/10004884
와인/양주/전통주,맥주/기타,,5만원대,브랜드명 :와인25플러스,남산 에일 500ml 24캔,58900,,,9.0,,https://gift.kakao.com/product/9971005
와인/양주/전통주,맥주/기타,,5만원대,브랜드명 :와인25플러스,써머스비 500ml X 24캔,55500,,,22.0,,https://gift.kakao.com/product/10004880
와인/양주/전통주,맥주/기타,,5만원대,브랜드명 :와인25플러스,성산일출봉 에일 500ml 24입,58000,,,3.0,,https://gift.kakao.com/product/9971002
와인/양주/전통주,맥주/기타,,5만원대,브랜드명 :와인25플러스,제주 백록담 에일 500ml 24캔,58000,,,4.0,,https://gift.kakao.com/product/9971001
와인/양주/전통주,맥주/기타,,5만원대,브랜드명 :와인25플러스,트롤브루 레몬 500ml 24캔,55000,,,6.0,,https://gift.kakao.com/product/10004886
와인/양주/전통주,맥주/기타,,5만원대,브랜드명 :와인25플러스,맥덕) 노스코스트 헤리티지 버라이어티 12팩,53000,,,53.0,,https://gift.kakao.com/product/10855640
와인/양주/전통주,맥주/기타,,5만원대,브랜드명 :와인25플러스,삿포로 실버컵 650ml 12캔,54800,,,93.0,,https://gift.kakao.com/product/9892224
와인/양주/전통주,맥주/기타,,5만원대,브랜드명 :와인25플러스,기린이치방 500ml 24캔,55000,,,90.0,,https://gift.kakao.com/product/10004893
와인/양주/전통주,맥주/기타,,5만원대,브랜드명 :와인25플러스,재입고) 바이엔슈테판 둔켈 500ml 12병,55500,,,25.0,,https://gift.kakao.com/product/10855033
와인/양주/전통주,맥주/기타,,5만원대,브랜드명 :와인25플러스,하이네켄500ML*24입,55500,,,94.0,,https://gift.kakao.com/product/9660119
와인/양주/전통주,맥주/기타,,5만원대,브랜드명 :와인25플러스,기네스 드래프트 440ml 24캔,63000,,,104.0,,https://gift.kakao.com/product/9871628
와인/양주/전통주,맥주/기타,,5만원대,브랜드명 :와인25플러스,파운더스 KBS 4입,59500,,,27.0,,https://gift.kakao.com/product/9971011
와인/양주/전통주,맥주/기타,,5만원대,브랜드명 :와인25플러스,바이엔슈테판 헤페바이스 500ml 12병,55000,,,15.0,,https://gift.kakao.com/product/10793466
와인/양주/전통주,맥주/기타,,5만원대,브랜드명 :와인25플러스,산미구엘 페일필젠 500ml 24입,57500,,,10.0,,https://gift.kakao.com/product/9892333
와인/양주/전통주,맥주/기타,,5만원대,브랜드명 :와인25플러스,베트남)사이공익스포트프리미엄330ML병*24입,49800,,,4.0,,https://gift.kakao.com/product/11384706
와인/양주/전통주,맥주/기타,,5만원대,브랜드명 :와인25플러스,설화500ML캔 24입,44000,,,77.0,,https://gift.kakao.com/product/11981660
와인/양주/전통주,맥주/기타,,6만원이상,브랜드명 :와인25플러스,빅웨이브 473ml 24입,65000,,,129.0,,https://gift.kakao.com/product/9892322
와인/양주/전통주,맥주/기타,,6만원이상,브랜드명 :와인25플러스,에비스 500ml 24캔,68500,,,61.0,,https://gift.kakao.com/product/9971020
와인/양주/전통주,맥주/기타,,6만원이상,브랜드명 :와인25플러스,카구아 루즈 330ml 6병,87300,,,16.0,,https://gift.kakao.com/product/10802245
와인/양주/전통주,맥주/기타,,6만원이상,브랜드명 :와인25플러스,카구아 블랑 330ml 6병,87300,,,20.0,,https://gift.kakao.com/product/10802246
와인/양주/전통주,맥주/기타,,6만원이상,브랜드명 :와인25플러스,바이엔슈테판 코르비니안 500ml 12병,53400,,,45.0,,https://gift.kakao.com/product/10016017
와인/양주/전통주,맥주/기타,,6만원이상,브랜드명 :와인25플러스,구스 IPA 473ml*24캔,63400,,,30.0,,https://gift.kakao.com/product/10269837
와인/양주/전통주,맥주/기타,,6만원이상,브랜드명 :와인25플러스,카구아 블랑&루즈 3병 세트,87300,,,27.0,,https://gift.kakao.com/product/10802247
와인/양주/전통주,맥주/기타,,6만원이상,브랜드명 :와인25플러스,롱보드 473ml 24입,65000,,,30.0,,https://gift.kakao.com/product/9892323
와인/양주/전통주,맥주/기타,,6만원이상,브랜드명 :와인25플러스,에딩거헤페500ML*24캔+폴딩박스,60000,,,36.0,,https://gift.kakao.com/product/10455526
와인/양주/전통주,맥주/기타,,6만원이상,브랜드명 :와인25플러스,리치몬드 라거 355ml 24입,84300,,,47.0,,https://gift.kakao.com/product/10416386
와인/양주/전통주,맥주/기타,,6만원이상,브랜드명 :와인25플러스,시메이 블루 330ml 12병,88000,,,12.0,,https://gift.kakao.com/product/10004897
와인/양주/전통주,맥주/기타,,6만원이상,브랜드명 :와인25플러스,코나라이트 355ml 24입,59000,,,24.0,,https://gift.kakao.com/product/9892328
와인/양주/전통주,맥주/기타,,6만원이상,브랜드명 :와인25플러스,시메이 골드 330ml 12병,64400,,,10.0,,https://gift.kakao.com/product/10004894
와인/양주/전통주,맥주/기타,,6만원이상,브랜드명 :와인25플러스,시메이 화이트 330ml 12병,83000,,,10.0,,https://gift.kakao.com/product/10004896
와인/양주/전통주,맥주/기타,,6만원이상,브랜드명 :와인25플러스,울트라제로 하이볼 허니그린티500ML*24캔,60000,,,5.0,,https://gift.kakao.com/product/10532442
와인/양주/전통주,맥주/기타,,6만원이상,브랜드명 :와인25플러스,드링크먼데이 제로알코올 W 750ml,74500,,,58.0,,https://gift.kakao.com/product/10652551
와인/양주/전통주,맥주/기타,,6만원이상,브랜드명 :와인25플러스,드링크먼데이 제로알코올 M 750ml,74500,,,64.0,,https://gift.kakao.com/product/10652553
와인/양주/전통주,맥주/기타,,6만원이상,브랜드명 :와인25플러스,드링크먼데이 제로알코올 G 750ml,74500,,,64.0,,https://gift.kakao.com/product/10652550
와인/양주/전통주,맥주/기타,,6만원이상,브랜드명 :와인25플러스,시메이 레드 330ml 12병,78000,,,5.0,,https://gift.kakao.com/product/10004895
와인/양주/전통주,맥주/기타,,6만원이상,브랜드명 :와인25플러스,부쿠 355ml 24캔,99900,,,28.0,,https://gift.kakao.com/product/10416388
와인/양주/전통주,맥주/기타,,6만원이상,브랜드명 :와인25플러스,하림맥시칸맥주500ML*24입,46000,,,12.0,,https://gift.kakao.com/product/11664155
와인/양주/전통주,맥주/기타,,6만원이상,브랜드명 :와인25플러스,네팔)바라싱헤필스너650ML*12입,54900,,,2.0,,https://gift.kakao.com/product/11450391
와인/양주/전통주,맥주/기타,,6만원이상,브랜드명 :와인25플러스,바이엔슈테판 헤페&비투스 330ML 기획잔팩,72000,,,12.0,,https://gift.kakao.com/product/11077497
와인/양주/전통주,맥주/기타,,6만원이상,브랜드명 :와인25플러스,토피도IPA팩 355ML*12입,73000,,,7.0,,https://gift.kakao.com/product/11244919
와인/양주/전통주,맥주/기타,,6만원이상,브랜드명 :와인25플러스,발티카임페리얼스타우트440ml*12,71300,,,3.0,,https://gift.kakao.com/product/11664154
와인/양주/전통주,맥주/기타,,6만원이상,브랜드명 :와인25플러스,바이엔슈테판헬레스500ML*24입,72000,,,10.0,,https://gift.kakao.com/product/11255797
와인/양주/전통주,맥주/기타,,6만원이상,브랜드명 :와인25플러스,바이엔슈테판 비투스330ML 24입,96000,,,16.0,,https://gift.kakao.com/product/11203313
와인/양주/전통주,맥주/기타,,6만원이상,브랜드명 :와인25플러스,메나브레아330ML*24병,120000,,,1.0,,https://gift.kakao.com/product/11129510
와인/양주/전통주,맥주/기타,,6만원이상,브랜드명 :와인25플러스,메나브레아 바이스 에일 * 24병(박스),156000,,,4.0,,https://gift.kakao.com/product/11731894
와인/양주/전통주,맥주/기타,,6만원이상,브랜드명 :와인25플러스,메나브레아 앰버 라거 * 24병(박스),156000,,,3.0,,https://gift.kakao.com/product/11731892
와인/양주/전통주,맥주/기타,,6만원이상,브랜드명 :와인25플러스,메나브레아 페일 라거 * 24병(박스),156000,,,2.0,,https://gift.kakao.com/product/11731891
